brand_name,carname,carImg,saleVolume, price,manufacturer,rank,carModel, energyType,marketTime,insure
特斯拉,Model Y,https://p3-dcd.byteimg.com/img/tos-cn-i-dcdx/6180aeadc5934c81906060f03bc651ff~tplv-resize:640:0.png,60055,"[25.89, 36.39]",特斯拉中国,1,中型SUV,纯电动,2023.10,4年或8万公里
日产,轩逸,https://p3-dcd.byteimg.com/img/tos-cn-i-dcdx/f5483079e6094fb898c14f3b3d6c1493~tplv-resize:640:0.png,48385,"[7.36, 14.79]",东风日产,2,紧凑型车,汽油,2024.01,3年或10万公里
比亚迪,海鸥,https://p9-dcd.byteimg.com/img/tos-cn-i-dcdx/fc1c09863a48441d86e99c757790ab02~tplv-resize:640:0.png,41012,"[7.38, 8.78]",比亚迪,3,小型车,纯电动,2023.04,6年或15万公里
大众,朗逸,https://p9-dcd.byteimg.com/img/motor-mis-img/28d677a5f94a5a24103f088dd94c8515~tplv-resize:640:0.png,38760,"[7.99, 12.39]",上汽大众,4,紧凑型车,汽油,2023.09,3年或10万公里
大众,速腾,https://p3-dcd.byteimg.com/img/motor-mis-img/44c013067df2032cc03b6031eb68bf05~tplv-resize:640:0.png,34920,"[9.19, 13.79]",一汽-大众,5,紧凑型车,汽油,2022.06,3年或10万公里
比亚迪,元PLUS,https://p9-dcd.byteimg.com/img/tos-cn-i-dcdx/0a5a6f5f1e4e417f823a51d894fa7345~tplv-resize:640:0.png,30799,"[13.28, 16.1]",比亚迪,6,紧凑型SUV,纯电动,2023.09,6年或15万公里
比亚迪,宋PLUS DM-i,https://p3-dcd.byteimg.com/img/tos-cn-i-dcdx/f9d266bdf7d44b418eee09141be33ec0~tplv-resize:640:0.png,30525,"[12.98, 19.38]",比亚迪,7,紧凑型SUV,插电式混合动力,2023.06,6年或15万公里
比亚迪,秦PLUS DM-i,https://p3-dcd.byteimg.com/img/tos-cn-i-dcdx/b16feb96960c4b178686faea93e71f3c~tplv-resize:640:0.png,27956,"[8.98, 13.58]",比亚迪,8,紧凑型车,插电式混合动力,2023.02,6年或15万公里
大众,迈腾,https://p3-dcd.byteimg.com/img/motor-mis-img/89991e9322440768e5f67b551d6e7ee5~tplv-resize:640:0.png,27826,"[14.99, 21.69]",一汽-大众,9,中型车,汽油,2022.10,3年或10万公里
比亚迪,宋Pro DM-i,https://p3-dcd.byteimg.com/img/tos-cn-i-dcdx/91291cb770c44932a3f6c14feedc82b3~tplv-resize:640:0.png,27812,"[12.18, 14.98]",比亚迪,10,紧凑型SUV,插电式混合动力,2023.09,6年或15万公里
五菱汽车,五菱缤果,https://p3-dcd.byteimg.com/img/tos-cn-i-dcdx/c316a4720f1f48da80b558c02a32b01c~tplv-resize:640:0.png,27458,"[5.78, 8.88]",上汽通用五菱,11,小型车,纯电动,2023.03,3年或10万公里
比亚迪,海豚,https://p3-dcd.byteimg.com/img/tos-cn-i-dcdx/146c59167c394ddb9e61d3ec6315c2c8~tplv-resize:640:0.png,26814,"[10.98, 13.28]",比亚迪,12,小型车,纯电动,2022.12,6年或15万公里
本田,本田CR-V,https://p3-dcd.byteimg.com/img/tos-cn-i-dcdx/bc20bec323e9460e862ac2b30b0f9991~tplv-resize:640:0.png,26354,"[15.79, 23.39]",东风本田,13,紧凑型SUV,汽油,2022.09,3年或10万公里
丰田,RAV4荣放,https://p3-dcd.byteimg.com/img/motor-mis-img/d1ac1817fbc495d355e029a8b10c68f8~tplv-resize:640:0.png,25990,"[13.88, 22.58]",一汽丰田,14,紧凑型SUV,汽油,2023.04,3年或10万公里
AITO,问界M7,https://p3-dcd.byteimg.com/img/tos-cn-i-dcdx/ec234ea1f5a64f9b940ac268fa562ec4~tplv-resize:640:0.png,25545,"[24.98, 37.98]",赛力斯汽车,15,中大型SUV,增程式,2023.09,4年或10万公里
五菱汽车,五菱宏光MINIEV,https://p9-dcd.byteimg.com/img/tos-cn-i-dcdx/287e133f10e1402386d901c399885fbf~tplv-resize:640:0.png,25015,"[2.98, 9.99]",上汽通用五菱,16,微型车,纯电动,2023.11,3年或10万公里
大众,帕萨特,https://p3-dcd.byteimg.com/img/tos-cn-i-dcdx/c9ddb9ea9b9047029212858b14caba31~tplv-resize:640:0.png,24559,"[14.89, 22.19]",上汽大众,17,中型车,汽油,2023.10,3年或10万公里
丰田,凯美瑞,https://p3-dcd.byteimg.com/img/motor-mis-img/46a9db48bccc28d5a4aadcbcf9b5df96~tplv-resize:640:0.png,22688,"[14.18, 23.18]",广汽丰田,18,中型车,汽油,2023.03,3年或10万公里
埃安,AION Y,https://p9-dcd.byteimg.com/img/motor-mis-img/a4dcf08d322941eb5259fbcb35ead82e~tplv-resize:640:0.png,22678,"[10.98, 14.38]",广汽埃安新能源,19,紧凑型SUV,纯电动,2023.03,4年或15万公里
本田,雅阁,https://p9-dcd.byteimg.com/img/tos-cn-i-dcdx/01ea2955a1cb44ff8f048e3deabf2c17~tplv-resize:640:0.png,22661,"[13.78, 22.18]",广汽本田,20,中型车,汽油,2023.05,3年或10万公里
长安,长安CS75 PLUS,https://p3-dcd.byteimg.com/img/tos-cn-i-dcdx/dec41a8d4fcc422bbb34c1a71dd76a1d~tplv-resize:640:0.png,21872,"[9.79, 13.99]",长安汽车,21,紧凑型SUV,汽油,2023.04,3年或10万公里
哈弗,哈弗H6,https://p9-dcd.byteimg.com/img/motor-mis-img/418e967314e8e89e55e3b3b359377177~tplv-resize:640:0.png,21430,"[8.39, 13.48]",长城汽车,22,紧凑型SUV,汽油,2023.04,3年或10万公里
奥迪,奥迪A6L,https://p9-dcd.byteimg.com/img/motor-mis-img/f8250b5672059b6380b04eeeb0d7fe33~tplv-resize:640:0.png,21411,"[36, 58.45]",一汽-大众奥迪,23,中大型车,汽油,2023.10,3年或10万公里
大众,途观L,https://p3-dcd.byteimg.com/img/motor-mis-img/8201ed0a4daa11da0ecfc31209187bde~tplv-resize:640:0.png,20589,"[16.37, 22.58]",上汽大众,24,中型SUV,汽油,2023.11,3年或10万公里
理想汽车,理想L7,https://p3-dcd.byteimg.com/img/tos-cn-i-dcdx/d17549a2151349bb92d57dfdb7ce2374~tplv-resize:640:0.png,20428,"[31.98, 37.98]",理想汽车,25,中大型SUV,增程式,2023.02,5年或10万公里
奔驰,奔驰C级,https://p3-dcd.byteimg.com/img/motor-mis-img/fd1771f592228d51d414ac0e5fa2469c~tplv-resize:640:0.png,19418,"[23.52, 29.74]",北京奔驰,26,中型车,48V轻混系统,2023.10,3年不限公里
本田,皓影,https://p3-dcd.byteimg.com/img/tos-cn-i-dcdx/9886d3b902964d73a5284eeee4f1cfa8~tplv-resize:640:0.png,19114,"[14.69, 23.39]",广汽本田,27,紧凑型SUV,油电混合,2024.01,3年或10万公里
奥迪,奥迪Q5L,https://p3-dcd.byteimg.com/img/tos-cn-i-dcdx/67161a339e5c4639bdcfc59d4b67efc9~tplv-resize:640:0.png,17932,"[31.8, 39.59]",一汽-大众奥迪,28,中型SUV,汽油,2023.10,3年或10万公里
丰田,锋兰达,https://p3-dcd.byteimg.com/img/tos-cn-i-dcdx/2e716928f981407b80c5e8772b8141a2~tplv-resize:640:0.png,17589,"[9.78, 15.68]",广汽丰田,29,紧凑型SUV,汽油,2023.03,3年或10万公里
日产,逍客,https://p3-dcd.byteimg.com/img/tos-cn-i-dcdx/74a5e843ff5340aea475757a258d43bb~tplv-resize:640:0.png,17520,"[11.09, 16.99]",东风日产,30,紧凑型SUV,汽油,2023.08,3年或10万公里
奇瑞,瑞虎8,https://p3-dcd.byteimg.com/img/tos-cn-i-dcdx/734a4fbac7cf461293613d4f1a478e5b~tplv-resize:640:0.png,16765,"[8.58, 15.09]",奇瑞汽车,31,中型SUV,汽油,2023.10,3年或10万公里
丰田,卡罗拉锐放,https://p9-dcd.byteimg.com/img/motor-mis-img/58d617d55bda2d2a8aeb9b9d0e8ca823~tplv-resize:640:0.png,15955,"[10.58, 16.08]",一汽丰田,32,紧凑型SUV,汽油,2023.05,3年或10万公里
特斯拉,Model 3,https://p3-dcd.byteimg.com/img/tos-cn-i-dcdx/25d4d4c6e46f4f078d75e768fabd7f0e~tplv-resize:640:0.png,15750,"[24.59, 28.59]",特斯拉中国,33,中型车,纯电动,2023.09,4年或8万公里
本田,型格,https://p3-dcd.byteimg.com/img/tos-cn-i-dcdx/bc48ceffe1394c528b45bb3a5042f890~tplv-resize:640:0.png,15361,"[10.29, 15.99]",广汽本田,34,紧凑型车,汽油,2023.02,3年或10万公里
埃安,AION S,https://p3-dcd.byteimg.com/img/tos-cn-i-dcdx/f767ea64a42944a9ad5aa01b05b45965~tplv-resize:640:0.png,15216,"[11.98, 19.29]",广汽埃安新能源,35,紧凑型车,纯电动,2023.10,4年或15万公里
理想汽车,理想L8,https://p3-dcd.byteimg.com/img/tos-cn-i-dcdx/df46af6b3ad1439f83d4448cfb729918~tplv-resize:640:0.png,15013,"[33.98, 39.98]",理想汽车,36,中大型SUV,增程式,2023.02,5年或10万公里
理想汽车,理想L9,https://p3-dcd.byteimg.com/img/tos-cn-i-dcdx/4f056cfb109c43308e929851d8764605~tplv-resize:640:0.png,14913,"[42.98, 45.98]",理想汽车,37,大型SUV,增程式,2023.08,5年或10万公里
红旗,红旗H5,https://p3-dcd.byteimg.com/img/motor-mis-img/4e5a38bacf99a7c63567e63f3bde1216~tplv-resize:640:0.png,14674,"[14.98, 21.57]",一汽红旗,38,中型车,汽油,2023.08,4年或10万公里
奥迪,奥迪A4L,https://p9-dcd.byteimg.com/img/tos-cn-i-dcdx/db765ed4695e4d1e808f3344a2637ff8~tplv-resize:640:0.png,14432,"[24.07, 32.86]",一汽-大众奥迪,39,中型车,汽油,2023.10,3年或10万公里
大众,探岳,https://p3-dcd.byteimg.com/img/motor-mis-img/fa07dcebd6da68142bf78b8afc536956~tplv-resize:640:0.png,14421,"[15.49, 21.49]",一汽-大众,40,中型SUV,汽油,2023.10,3年或10万公里
比亚迪,宋PLUS EV,https://p3-dcd.byteimg.com/img/tos-cn-i-dcdx/fa73e1ea76ca4aa9aa291fd9d73dbf98~tplv-resize:640:0.png,13845,"[15.68, 20.48]",比亚迪,41,紧凑型SUV,纯电动,2023.06,6年或15万公里
吉利汽车,星瑞,https://p9-dcd.byteimg.com/img/tos-cn-i-dcdx/4fc66389c5644e648c5093b476ccd036~tplv-resize:640:0.png,13796,"[10.67, 13.57]",吉利汽车,42,紧凑型车,汽油,2023.06,4年或10万公里
丰田,卡罗拉,https://p3-dcd.byteimg.com/img/motor-mis-img/b2fb8f96191b30a2992fc05fb5af0a4c~tplv-resize:640:0.png,13779,"[8.88, 12.78]",一汽丰田,43,紧凑型车,汽油,2023.05,3年或10万公里
大众,途岳,https://p3-dcd.byteimg.com/img/tos-cn-i-dcdx/7af39d3a968446848f32b453d0211164~tplv-resize:640:0.png,13640,"[11.99, 17.16]",上汽大众,44,紧凑型SUV,汽油,2023.03,3年或10万公里
日产,天籁,https://p3-dcd.byteimg.com/img/motor-mis-img/8e074b2ea146302687d68d1e51adfb3c~tplv-resize:640:0.png,13269,"[14.38, 20.48]",东风日产,45,中型车,汽油,2022.09,3年或10万公里
丰田,威兰达,https://p3-dcd.byteimg.com/img/tos-cn-i-dcdx/39f96820a5e244b8a11ce5fae05c2006~tplv-resize:640:0.png,13228,"[13.58, 22.68]",广汽丰田,46,紧凑型SUV,汽油,2023.03,3年或10万公里
大众,大众ID.3,https://p9-dcd.byteimg.com/img/tos-cn-i-dcdx/c55ec29bd2f545239f812024e3ceb691~tplv-resize:640:0.png,13201,"[12.59, 14.99]",上汽大众,47,紧凑型车,纯电动,2024.01,3年或10万公里
比亚迪,秦PLUS EV,https://p9-dcd.byteimg.com/img/tos-cn-i-dcdx/a0cc62d5e0e7440dbd10b61b898f34d8~tplv-resize:640:0.png,13186,"[11.98, 16.98]",比亚迪,48,紧凑型车,纯电动,2023.04,6年或15万公里
奇瑞,艾瑞泽8,https://p3-dcd.byteimg.com/img/tos-cn-i-dcdx/d8d9de3901d34378b2fd87287e07b7fa~tplv-resize:640:0.png,13121,"[9.89, 13.79]",奇瑞汽车,49,紧凑型车,汽油,2023.07,3年或10万公里
宝马,宝马5系,https://p3-dcd.byteimg.com/img/tos-cn-i-dcdx/b65c2332369b4b988c95230b068e0a5f~tplv-resize:640:0.png,13083,"[37.1, 48.31]",华晨宝马,50,中大型车,汽油,2023.11,3年或10万公里
大众,宝来,https://p3-dcd.byteimg.com/img/motor-mis-img/dbd8f3ffb172ce6ef271849013b14763~tplv-resize:640:0.png,13010,"[7.6, 12.2]",一汽-大众,51,紧凑型车,汽油,2022.11,3年或10万公里
北京汽车,北京EU5,https://p3-dcd.byteimg.com/img/motor-mis-img/fac9641308c9c3c9b23765bdcbdd6697~tplv-resize:640:0.png,12811,"[9.98, 17.19]",北京汽车,52,紧凑型车,纯电动,2022.09,3年或12万公里
现代,伊兰特,https://p3-dcd.byteimg.com/img/tos-cn-i-dcdx/9df2036fdb244307bed69e9e03cf2368~tplv-resize:640:0.png,12796,"[7.18, 12.38]",北京现代,53,紧凑型车,汽油,2023.08,3年或10万公里
吉利汽车,熊猫,https://p3-dcd.byteimg.com/img/tos-cn-i-dcdx/faf3420cf3fd4f949f777c2ad1d1d0cc~tplv-resize:640:0.png,12538,"[2.99, 5.19]",吉利汽车,54,微型车,纯电动,2023.09,3年或12万公里
长安,长安Lumin,https://p3-dcd.byteimg.com/img/tos-cn-i-dcdx/ce6c0eedd9c6421c94ef984285239d44~tplv-resize:640:0.png,12480,"[3.99, 6.19]",长安汽车,55,微型车,纯电动,2023.08,3年或12万公里
奔驰,奔驰GLC,https://p9-dcd.byteimg.com/img/tos-cn-i-dcdx/ced6f5cfd808493d8380351b584516c2~tplv-resize:640:0.png,12300,"[33.28, 46.42]",北京奔驰,56,中型SUV,48V轻混系统,2023.04,3年不限公里
捷途,捷途旅行者,https://p3-dcd.byteimg.com/img/tos-cn-i-dcdx/e12d84abb842430798a950248f172910~tplv-resize:640:0.png,11672,"[13.49, 18.49]",奇瑞汽车,57,紧凑型SUV,汽油,2023.09,4年或10万公里
本田,思域,https://p3-dcd.byteimg.com/img/motor-mis-img/af835d978de92b8342d900c8473c8d88~tplv-resize:640:0.png,11659,"[10.39, 16.29]",东风本田,58,紧凑型车,汽油,2022.12,3年或10万公里
比亚迪,汉DM,https://p3-dcd.byteimg.com/img/tos-cn-i-dcdx/a965de726e8a43909ebfe83ae9325804~tplv-resize:640:0.png,11522,"[17.98, 31.18]",比亚迪,59,中大型车,插电式混合动力,2023.05,6年或15万公里
丰田,亚洲龙,https://p3-dcd.byteimg.com/img/motor-mis-img/5130f932ae52503625175eb6e79aaa5a~tplv-resize:640:0.png,11478,"[16.18, 24.18]",一汽丰田,60,中型车,汽油,2023.05,4年或10万公里
宝马,宝马3系,https://p3-dcd.byteimg.com/img/motor-mis-img/b4f69ed40e9e2f4f40a8874ce323e181~tplv-resize:640:0.png,11396,"[23.1, 33.88]",华晨宝马,61,中型车,汽油,2022.08,3年或10万公里
比亚迪,唐DM,https://p3-dcd.byteimg.com/img/tos-cn-i-dcdx/27126880f70d400e9a69ca835db3a11b~tplv-resize:640:0.png,11381,"[19.48, 29.98]",比亚迪,62,中型SUV,插电式混合动力,2023.03,6年或15万公里
长安,长安UNI-V,https://p3-dcd.byteimg.com/img/tos-cn-i-dcdx/7204df6719904f8c857ddf241d537df2~tplv-resize:640:0.png,11252,"[9.89, 12.99]",长安汽车,63,紧凑型车,汽油,2023.04,3年或10万公里
长安,逸动,https://p3-dcd.byteimg.com/img/tos-cn-i-dcdx/b754d7190a2740f0a0de783eaf5e439f~tplv-resize:640:0.png,10806,"[5.09, 8.19]",长安汽车,64,紧凑型车,汽油,2023.04,3年或10万公里
吉利汽车,帝豪,https://p9-dcd.byteimg.com/img/tos-cn-i-dcdx/02331e293a0745c18554272bcedffff3~tplv-resize:640:0.png,10698,"[5.89, 11.78]",吉利汽车,65,紧凑型车,汽油,2023.06,4年或15万公里
红旗,红旗E-QM5,https://p9-dcd.byteimg.com/img/motor-mis-img/3174065ca959cf593465c373c7722041~tplv-resize:640:0.png,10600,"[16.57, 22.98]",一汽红旗,66,中型车,纯电动,2023.05,4年或10万公里
五菱汽车,五菱宏光,https://p3-dcd.byteimg.com/img/motor-mis-img/5e5eb3f0b2e232525d8d7f1d44fa55fb~tplv-resize:640:0.png,10563,"[4.65, 5.58]",上汽通用五菱,67,微面,汽油,2022.07,3年或10万公里
红旗,红旗HS5,https://p3-dcd.byteimg.com/img/tos-cn-i-dcdx/c20137f882ec47cda4c0e54e82aa1f48~tplv-resize:640:0.png,10414,"[17.98, 22.98]",一汽红旗,68,中型SUV,汽油,2023.05,4年或10万公里
宝马,宝马X3,https://p3-dcd.byteimg.com/img/motor-mis-img/77da976a9938b0ec5fc46615b7715e74~tplv-resize:640:0.png,10407,"[28.5, 37]",华晨宝马,69,中型SUV,汽油,2023.02,3年或10万公里
比亚迪,海豹DM-i,https://p3-dcd.byteimg.com/img/tos-cn-i-dcdx/74e489c57f1945faa0ac4ede26c433d1~tplv-resize:640:0.png,10402,"[16.18, 23.18]",比亚迪,70,中型车,插电式混合动力,2023.09,6年或15万公里
吉利汽车,星越L,https://p3-dcd.byteimg.com/img/tos-cn-i-dcdx/e089916842c943ab8277e180dfb3240b~tplv-resize:640:0.png,10075,"[12.72, 17.52]",吉利汽车,71,紧凑型SUV,汽油,2024.01,4年或10万公里
领克,领克08 EM-P,https://p3-dcd.byteimg.com/img/tos-cn-i-dcdx/17614683c5d74474b25696e6ba9f1619~tplv-resize:640:0.png,10055,"[20.28, 28.2]",领克,72,中型SUV,插电式混合动力,2023.09,5年或10万公里
智己汽车,智己LS6,https://p9-dcd.byteimg.com/img/tos-cn-i-dcdx/1d808aff9bfd4dfa9ab5f7296c7c4544~tplv-resize:640:0.png,9878,"[21.79, 27.99]",智己汽车,73,中大型SUV,纯电动,2023.10,5年或15万公里
腾势,腾势D9 DM-i,https://p3-dcd.byteimg.com/img/motor-mis-img/33c228a4d0101c510250f1095b554e5e~tplv-resize:640:0.png,9863,"[34.98, 44.58]",腾势汽车,74,中大型MPV,插电式混合动力,2023.08,6年或15万公里
林肯,航海家,https://p3-dcd.byteimg.com/img/tos-cn-i-dcdx/db4c45d357eb479ca8ba4ed41f93fc5e~tplv-resize:640:0.png,9757,"[31.48, 45.38]",长安林肯,75,中型SUV,汽油,2023.04,5年或14万公里
捷途,捷途X70,https://p3-dcd.byteimg.com/img/tos-cn-i-dcdx/9f9edd2f1b8f4ff68538900708783c01~tplv-resize:640:0.png,9750,"[8.19, 16.49]",奇瑞汽车,76,中型SUV,汽油,2023.11,4年或10万公里
哈弗,哈弗大狗,https://p9-dcd.byteimg.com/img/tos-cn-i-dcdx/99d2cc4666d54e5487bbda4ac6efe2f2~tplv-resize:640:0.png,9601,"[10.79, 15.59]",长城汽车,77,紧凑型SUV,汽油,2023.07,3年或10万公里
宝马,宝马X1,https://p3-dcd.byteimg.com/img/tos-cn-i-dcdx/c9c9c02010874036a2f03c203ca1238a~tplv-resize:640:0.png,9589,"[19.35, 24.49]",华晨宝马,78,紧凑型SUV,汽油,2023.04,3年或10万公里
零跑汽车,零跑C11,https://p3-dcd.byteimg.com/img/tos-cn-i-dcdx/5f33df9609c142048ca10d8f868db3b5~tplv-resize:640:0.png,9121,"[14.18, 20.48]",零跑汽车,79,中型SUV,增程式,2023.09,4年或12万公里
凯迪拉克,凯迪拉克CT5,https://p3-dcd.byteimg.com/img/tos-cn-i-dcdx/293217d96dd84452b6267df0dd6df9cf~tplv-resize:640:0.png,9100,"[21.47, 28.67]",上汽通用凯迪拉克,80,中型车,汽油,2023.12,3年不限公里
吉利汽车,博越L,https://p3-dcd.byteimg.com/img/motor-mis-img/1214ac87d1a1f6dd0313f3d3d336c2eb~tplv-resize:640:0.png,9088,"[10.97, 15.87]",吉利汽车,81,紧凑型SUV,汽油,2022.10,4年或10万公里
福特,蒙迪欧,https://p3-dcd.byteimg.com/img/tos-cn-i-dcdx/3ad464028fb74a7785bc2a6c606a6d3a~tplv-resize:640:0.png,8726,"[13.98, 20.98]",长安福特,82,中型车,汽油,2023.07,3年或10万公里
捷达,捷达VS5,https://p9-dcd.byteimg.com/img/motor-mis-img/4e0ece8f2c30e8a65193f373a1b02195~tplv-resize:640:0.png,8667,"[8.69, 11.79]",一汽-大众捷达,83,紧凑型SUV,汽油,2023.05,3年或10万公里
大众,凌渡,https://p9-dcd.byteimg.com/img/tos-cn-i-dcdx/72aad906601447f59df191ebb8522c58~tplv-resize:640:0.png,8653,"[11.79, 16.49]",上汽大众,84,紧凑型车,汽油,2023.08,3年或10万公里
奔腾,奔腾B70,https://p9-dcd.byteimg.com/img/tos-cn-i-dcdx/39774d70f0c445a88fa3a332502c53e3~tplv-resize:640:0.png,8588,"[8.99, 13.79]",一汽奔腾,85,中型车,汽油,2023.12,3年或10万公里
五菱汽车,五菱星光PHEV,https://p3-dcd.byteimg.com/img/tos-cn-i-dcdx/3296256fb9934a1bbcd5aa2584a1e3cf~tplv-resize:640:0.png,8550,"[8.88, 10.58]",上汽通用五菱,86,中型车,插电式混合动力,2023.12,6年或15万公里
别克,昂科威,https://p9-dcd.byteimg.com/img/tos-cn-i-dcdx/8c49aa2236a74207a201bac3a1f90046~tplv-resize:640:0.png,8407,"[15.49, 24.59]",上汽通用别克,87,中型SUV,48V轻混系统,2023.03,3年或10万公里
比亚迪,汉EV,https://p3-dcd.byteimg.com/img/tos-cn-i-dcdx/e6d6f7c2291d47f6a4a7d19c3ec01892~tplv-resize:640:0.png,8310,"[19.98, 27.98]",比亚迪,88,中大型车,纯电动,2023.03,6年或15万公里
比亚迪,驱逐舰 05,https://p3-dcd.byteimg.com/img/tos-cn-i-dcdx/fdd396bacd4e433699c66a8dc73db8db~tplv-resize:640:0.png,8302,"[9.18, 14.28]",比亚迪,89,紧凑型车,插电式混合动力,2023.04,6年或15万公里
极氪,ZEEKR 001,https://p3-dcd.byteimg.com/img/tos-cn-i-dcdx/5ae619a7dcb244778e7dac067784674b~tplv-resize:640:0.png,7980,"[26.9, 76.9]",极氪,90,中大型车,纯电动,2023.01,4年或10万公里
本田,英仕派,https://p3-dcd.byteimg.com/img/tos-cn-i-dcdx/068adb9f4c04421fae8d8a372bc5cf0e~tplv-resize:640:0.png,7979,"[14.58, 23.09]",东风本田,91,中型车,汽油,2023.07,3年或10万公里
别克,微蓝6,https://p9-dcd.byteimg.com/img/tos-cn-i-dcdx/550b6dc2a2c44e06a3e9b666927fa56f~tplv-resize:640:0.png,7862,"[9.98, 10.28]",上汽通用别克,92,紧凑型车,纯电动,2023.10,3年或10万公里
深蓝汽车,深蓝S7,https://p3-dcd.byteimg.com/img/tos-cn-i-dcdx/f51d4ff960ed499ea4b443967ee6b0fe~tplv-resize:640:0.png,7736,"[14.39, 21.19]",深蓝汽车,93,中型SUV,增程式,2023.06,3年或12万公里
宝马,宝马X5,https://p9-dcd.byteimg.com/img/tos-cn-i-dcdx/bf84f7f297c74b4ab69467bef101e7e1~tplv-resize:640:0.png,7698,"[58.75, 80]",华晨宝马,94,中大型SUV,48V轻混系统,2023.08,3年或10万公里
小鹏汽车,小鹏G6,https://p3-dcd.byteimg.com/img/tos-cn-i-dcdx/67c41851c96341c19c0461ff9db91911~tplv-resize:640:0.png,7673,"[19.99, 26.69]",小鹏汽车,95,中型SUV,纯电动,2023.06,5年或12万公里
吉利银河,银河L7,https://p3-dcd.byteimg.com/img/tos-cn-i-dcdx/1454f92451164472a8fa0973ac768322~tplv-resize:640:0.png,7577,"[13.07, 17.77]",吉利银河,96,紧凑型SUV,插电式混合动力,2023.05,6年或15万公里
现代,途胜,https://p9-dcd.byteimg.com/img/tos-cn-i-dcdx/f2f194412c334188ace3731595a91729~tplv-resize:640:0.png,7492,"[12.88, 19.28]",北京现代,97,紧凑型SUV,汽油,2022.11,可选:3年或15万公里/5年或10万公里/7年或7万公里
奇瑞新能源,QQ冰淇淋,https://p3-dcd.byteimg.com/img/tos-cn-i-dcdx/b949ba428bc143aeb2bcfdef93eb7f61~tplv-resize:640:0.png,7462,"[2.99, 5.75]",奇瑞新能源,98,微型车,纯电动,2023.08,3年或10万公里
奔驰,奔驰E级,https://p3-dcd.byteimg.com/img/tos-cn-i-dcdx/c02aa97643944bed96a20db674f0fcb6~tplv-resize:640:0.png,7419,"[33.98, 52.78]",北京奔驰,99,中大型车,48V轻混系统,2023.12,3年不限公里
雪佛兰,科鲁泽,https://p9-dcd.byteimg.com/img/motor-mis-img/f63e0947469ae2d9cee05bbdc33f514f~tplv-resize:640:0.png,7185,"[6.49, 7.89]",上汽通用雪佛兰,100,紧凑型车,汽油,2023.06,3年或10万公里
捷达,捷达VA3,https://p3-dcd.byteimg.com/img/motor-mis-img/f79702d9c2dbaebafe617f329a66b999~tplv-resize:640:0.png,7181,"[6.78, 9.28]",一汽-大众捷达,101,紧凑型车,汽油,2023.12,3年或10万公里
长安欧尚,长安欧尚X5 PLUS,https://p3-dcd.byteimg.com/img/tos-cn-i-dcdx/a4616746e0c748508ba07e1c3909e58f~tplv-resize:640:0.png,7166,"[7.19, 9.69]",长安汽车,102,紧凑型SUV,汽油,2023.04,3年或10万公里
长安,长安CS55 PLUS,https://p9-dcd.byteimg.com/img/tos-cn-i-dcdx/8727a564bae045058a6c89a8395c2612~tplv-resize:640:0.png,7029,"[7.79, 11.39]",长安汽车,103,紧凑型SUV,汽油,2023.09,3年或10万公里
零跑汽车,零跑T03,https://p3-dcd.byteimg.com/img/tos-cn-i-dcdx/b895dcce4a1f4c22ac2890b5eeac8323~tplv-resize:640:0.png,7024,"[4.99, 7.99]",零跑汽车,104,微型车,纯电动,2023.03,3年或12万公里
丰田,皇冠陆放,https://p3-dcd.byteimg.com/img/motor-mis-img/7a7143dba294bfc49ff39a154e4b9ad5~tplv-resize:640:0.png,6988,"[24.78, 32.28]",一汽丰田,105,中型SUV,油电混合,2023.03,3年或10万公里
蔚来,蔚来ES6,https://p3-dcd.byteimg.com/img/tos-cn-i-dcdx/64a3a0a4ae604ebab934377a157a9851~tplv-resize:640:0.png,6943,"[33.8, 39.6]",蔚来,106,中型SUV,纯电动,2023.05,3年或12万公里
大众,高尔夫,https://p3-dcd.byteimg.com/img/tos-cn-i-dcdx/4fc088b811b34649b7293e1446212e1f~tplv-resize:640:0.png,6766,"[11.78, 22.48]",一汽-大众,107,紧凑型车,汽油,2024.01,3年或10万公里
欧拉,欧拉好猫,https://p3-dcd.byteimg.com/img/tos-cn-i-dcdx/4d618ed49b0e4372b02670629a04f337~tplv-resize:640:0.png,6621,"[10.17, 14.58]",长城汽车,108,小型车,纯电动,2023.02,4年或15万公里
丰田,雷凌,https://p9-dcd.byteimg.com/img/tos-cn-i-dcdx/4be933594d45455592d516c912d27b69~tplv-resize:640:0.png,6577,"[7.88, 11.38]",广汽丰田,109,紧凑型车,汽油,2023.03,3年或10万公里
长安欧尚,长安欧尚Z6,https://p3-dcd.byteimg.com/img/motor-mis-img/252d100a630cf9298e8d357fe7ee8ffc~tplv-resize:640:0.png,6553,"[8.99, 12.29]",长安汽车,110,紧凑型SUV,汽油,2023.06,3年或10万公里
丰田,汉兰达,https://p3-dcd.byteimg.com/img/tos-cn-i-dcdx/f1126e1c10d7481a865e1864ae09118d~tplv-resize:640:0.png,6512,"[23.88, 31.88]",广汽丰田,111,中型SUV,油电混合,2023.06,3年或10万公里
荣威,荣威i5,https://p9-dcd.byteimg.com/img/tos-cn-i-dcdx/3deaa243484f4c34a254b5c212a8ad7a~tplv-resize:640:0.png,6464,"[4.89, 7.09]",上汽集团,112,紧凑型车,汽油,2023.07,4年或15万公里
沃尔沃,沃尔沃XC60,https://p3-dcd.byteimg.com/img/motor-mis-img/058f6dd326221149f0f7d23aec62600c~tplv-resize:640:0.png,6387,"[28.39, 38.09]",沃尔沃亚太,113,中型SUV,48V轻混系统,2023.05,3年不限公里
深蓝汽车,深蓝SL03,https://p3-dcd.byteimg.com/img/tos-cn-i-dcdx/89bf7774d79f44eab5d9acca6ba8712e~tplv-resize:640:0.png,6382,"[13.99, 67.79]",深蓝汽车,114,中型车,增程式,2023.08,3年或12万公里
马自达,马自达3 昂克赛拉,https://p9-dcd.byteimg.com/img/motor-mis-img/2ed9950bbf60e473727cf3735528e032~tplv-resize:640:0.png,6357,"[8.99, 18.99]",长安马自达,115,紧凑型车,汽油,2023.07,3年或10万公里
奥迪,奥迪A7L,https://p3-dcd.byteimg.com/img/motor-mis-img/2d8a5201cffa633101a59b71d00fafef~tplv-resize:640:0.png,6281,"[37.87, 62.97]",上汽奥迪,116,中大型车,汽油,2023.08,3年或10万公里
丰田,格瑞维亚,https://p3-dcd.byteimg.com/img/tos-cn-i-dcdx/dc353aa6c1ef46eda1ea28f39304c725~tplv-resize:640:0.png,6235,"[29.38, 39.38]",一汽丰田,117,中大型MPV,油电混合,2023.04,4年或10万公里
领克,领克03,https://p9-dcd.byteimg.com/img/tos-cn-i-dcdx/496f813bab0e479cb6484b656f93e1d8~tplv-resize:640:0.png,6200,"[12.48, 42.03]",领克,118,紧凑型车,油电混合,2022.09,4年或10万公里
奥迪,奥迪A3,https://p9-dcd.byteimg.com/img/tos-cn-i-dcdx/bed15598b2964894805e3c74db0e7e23~tplv-resize:640:0.png,6125,"[14.22, 19.6]",一汽-大众奥迪,119,紧凑型车,汽油,2023.10,3年或10万公里
哈弗,哈弗猛龙,https://p3-dcd.byteimg.com/img/tos-cn-i-dcdx/c32096c27314426097e1f0b95a3c8839~tplv-resize:640:0.png,6098,"[16.58, 18.38]",长城汽车,120,紧凑型SUV,插电式混合动力,2023.10,6年或15万公里
奔驰,奔驰GLB,https://p3-dcd.byteimg.com/img/tos-cn-i-dcdx/05ab32d0a1b6462fa97ed1ecb0b2b183~tplv-resize:640:0.png,5860,"[21.35, 28.16]",北京奔驰,121,紧凑型SUV,汽油,2023.08,3年不限公里
大众,途昂,https://p3-dcd.byteimg.com/img/motor-mis-img/10e227cb6150184e8a7177c3ede5ea06~tplv-resize:640:0.png,5797,"[22.5, 37]",上汽大众,122,中大型SUV,汽油,2023.09,3年或10万公里
宝马,宝马i3,https://p9-dcd.byteimg.com/img/tos-cn-i-dcdx/9ec42e56919241d7810481cc6fa5a1d4~tplv-resize:640:0.png,5786,"[21, 26]",华晨宝马,123,中型车,纯电动,2023.11,3年或10万公里
丰田,赛那,https://p3-dcd.byteimg.com/img/motor-mis-img/3d40895e3ab4e118a086187f7e78ebba~tplv-resize:640:0.png,5706,"[29.98, 40.18]",广汽丰田,124,中大型MPV,油电混合,2023.03,3年或10万公里
奇瑞,瑞虎7,https://p3-dcd.byteimg.com/img/motor-mis-img/91d1a9696ea68fc6427247e5dd2d5ef1~tplv-resize:640:0.png,5700,"[7.09, 14.99]",奇瑞汽车,125,紧凑型SUV,汽油,2023.07,3年或10万公里
坦克,坦克300,https://p9-dcd.byteimg.com/img/motor-mis-img/53d89e20ef5df0119912ecfc6db642ae~tplv-resize:640:0.png,5670,"[19.98, 30.28]",长城汽车,126,紧凑型SUV,汽油,2023.08,5年或15万公里
别克,威朗,https://p3-dcd.byteimg.com/img/motor-mis-img/f935e27660580af362e268ff6a476c00~tplv-resize:640:0.png,5659,"[8.69, 11.09]",上汽通用别克,127,紧凑型车,汽油,2022.10,3年或10万公里
日产,奇骏,https://p3-dcd.byteimg.com/img/tos-cn-i-dcdx/5ae572c93a99402d89bab23657b64d6e~tplv-resize:640:0.png,5658,"[14.93, 24.49]",东风日产,128,紧凑型SUV,汽油电驱,2023.05,3年或10万公里
大众,ID.4 CROZZ,https://p3-dcd.byteimg.com/img/tos-cn-i-dcdx/36142136c6134cffb5a91e3273ace471~tplv-resize:640:0.png,5600,"[14.79, 22.94]",一汽-大众,129,紧凑型SUV,纯电动,2023.10,3年或10万公里
广汽传祺,传祺E8 PHEV,https://p3-dcd.byteimg.com/img/tos-cn-i-dcdx/6a36b18458d54bbcb9273c6aed5a7171~tplv-resize:640:0.png,5562,"[20.98, 22.98]",广汽乘用车,130,中型MPV,插电式混合动力,2023.11,3年或10万公里
广汽传祺,传祺GS3,https://p3-dcd.byteimg.com/img/tos-cn-i-dcdx/a3e0987f48e44deb8709e776e4131cd7~tplv-resize:640:0.png,5496,"[7.08, 9.68]",广汽乘用车,131,小型SUV,汽油,2023.03,3年或10万公里
大众,T-ROC探歌,https://p3-dcd.byteimg.com/img/tos-cn-i-dcdx/971a229a85f143dea9402821819b8b84~tplv-resize:640:0.png,5449,"[12.39, 14.49]",一汽-大众,132,紧凑型SUV,汽油,2023.04,3年或10万公里
小鹏汽车,小鹏G9,https://p3-dcd.byteimg.com/img/motor-mis-img/57c7fd76817fb6148dce372c42acc18c~tplv-resize:640:0.png,5405,"[25.89, 41.99]",小鹏汽车,133,中大型SUV,纯电动,2023.09,5年或12万公里
别克,君威,https://p3-dcd.byteimg.com/img/tos-cn-i-dcdx/65ca9a0988cf45e29d3c04aca829f355~tplv-resize:640:0.png,5373,"[13.68, 18.98]",上汽通用别克,134,中型车,汽油,2023.07,3年或10万公里
奇瑞,瑞虎9,https://p9-dcd.byteimg.com/img/tos-cn-i-dcdx/b902804d7fc84f5e9ca12ac0d2ff0e27~tplv-resize:640:0.png,5230,"[14.59, 20.29]",奇瑞汽车,135,中型SUV,汽油,2023.05,3年或10万公里
广汽传祺,传祺M8,https://p9-dcd.byteimg.com/img/motor-mis-img/6e784e8e17abc04adea0d726fe51ff69~tplv-resize:640:0.png,5218,"[17.18, 34.28]",广汽乘用车,136,中大型MPV,汽油,2023.07,3年或10万公里
本田,本田HR-V,https://p3-dcd.byteimg.com/img/tos-cn-i-dcdx/24baeca15ca34c83a4e9ceaf09de58ea~tplv-resize:640:0.png,5211,"[11.29, 18.19]",东风本田,137,紧凑型SUV,汽油,2023.04,3年或10万公里
方程豹,豹5,https://p3-dcd.byteimg.com/img/tos-cn-i-dcdx/5c4dd30eca44470a917d366c05db05b5~tplv-resize:640:0.png,5086,"[28.98, 35.28]",方程豹,138,中型SUV,插电式混合动力,2023.11,6年或15万公里
吉利汽车,缤越,https://p9-dcd.byteimg.com/img/motor-mis-img/d119bbcc22df849ce240cd08c329eabb~tplv-resize:640:0.png,5013,"[6.78, 9.38]",吉利汽车,139,小型SUV,汽油,2023.05,4年或10万公里
比亚迪,宋L,https://p3-dcd.byteimg.com/img/tos-cn-i-dcdx/2e28737a95cd4a9aba1b33c6bee37d69~tplv-resize:640:0.png,4988,"[18.98, 24.98]",比亚迪,140,中型SUV,纯电动,2023.12,6年或15万公里
五菱汽车,五菱佳辰,https://p9-dcd.byteimg.com/img/motor-mis-img/1d111f4c68dbfde0d1fd3c455a3a2db7~tplv-resize:640:0.png,4954,"[5.68, 9.48]",上汽通用五菱,141,紧凑型MPV,油电混合,2023.06,3年或10万公里
奔驰,奔驰A级,https://p3-dcd.byteimg.com/img/tos-cn-i-dcdx/f3aa2146a74d47e3ab4844b147234e37~tplv-resize:640:0.png,4946,"[15.91, 18.26]",北京奔驰,142,紧凑型车,汽油,2023.05,3年不限公里
长安,逸达,https://p9-dcd.byteimg.com/img/tos-cn-i-dcdx/eac9a5b665864f3b8c6b0b1d72e3f2bc~tplv-resize:640:0.png,4909,"[6.99, 9.79]",长安汽车,143,紧凑型车,汽油,2023.08,3年或10万公里
岚图,岚图梦想家 PHEV,https://p3-dcd.byteimg.com/img/tos-cn-i-dcdx/31400576760b4db4819a38b1aeeb7c38~tplv-resize:640:0.png,4879,"[33.99, 63.99]",岚图汽车,144,中大型MPV,插电式混合动力,2023.10,6年或15万公里
现代,现代ix35,https://p3-dcd.byteimg.com/img/tos-cn-i-dcdx/4759d1d531d7489dbb01a2bad3506c6b~tplv-resize:640:0.png,4834,"[10.38, 15.08]",北京现代,145,紧凑型SUV,汽油,2023.06,可选：5年或10万公里/7年或7万公里/3年或15万公里
标致,标致408,https://p9-dcd.byteimg.com/img/motor-mis-img/e734863947662cd987a9be96b479f828~tplv-resize:640:0.png,4744,"[9.57, 11.17]",东风标致,146,紧凑型车,汽油,2022.08,5年或15万公里
本田,缤智,https://p9-dcd.byteimg.com/img/motor-mis-img/8667f54bc5d28b9ee06bf37dc60cc85f~tplv-resize:640:0.png,4690,"[9.49, 11.49]",广汽本田,147,小型SUV,汽油,2022.11,3年或10万公里
五菱汽车,五菱星驰,https://p3-dcd.byteimg.com/img/tos-cn-i-dcdx/8aeb5f1c39fe4c509540e272edfac572~tplv-resize:640:0.png,4648,"[4.98, 7.98]",上汽通用五菱,148,小型SUV,汽油,2023.04,3年或10万公里
大众,揽巡,https://p3-dcd.byteimg.com/img/tos-cn-i-dcdx/8c9d9e77cdf5462a86c515692b23c0e7~tplv-resize:640:0.png,4566,"[23.99, 29.09]",一汽-大众,149,中大型SUV,汽油,2023.11,3年或10万公里
AITO,问界M5,https://p3-dcd.byteimg.com/img/motor-mis-img/87fe46f305be3e4a5b66508782f24e81~tplv-resize:640:0.png,4563,"[24.98, 33.18]",赛力斯汽车,150,中型SUV,增程式,2023.07,4年或10万公里
名爵,MG5,https://p3-dcd.byteimg.com/img/tos-cn-i-dcdx/d6a56e2049ac4b208d49d4f02f2916c3~tplv-resize:640:0.png,4510,"[5.79, 9.09]",上汽集团,151,紧凑型车,汽油,2023.05,3年或10万公里
吉利银河,银河L6,https://p3-dcd.byteimg.com/img/tos-cn-i-dcdx/0b3ee25dceca4fe5982a29702074a0a2~tplv-resize:640:0.png,4506,"[10.78, 14.18]",吉利银河,152,紧凑型车,插电式混合动力,2023.09,6年或15万公里
大众,大众CC,https://p3-dcd.byteimg.com/img/motor-mis-img/bc1a1cfcace04020b804932bd5c78749~tplv-resize:640:0.png,4503,"[19.39, 26.49]",一汽-大众,153,中型车,汽油,2022.09,3年或10万公里
五菱汽车,五菱星辰,https://p3-dcd.byteimg.com/img/motor-mis-img/ef2d3df828e04fead57e3c86279360bd~tplv-resize:640:0.png,4494,"[6.08, 9.28]",上汽通用五菱,154,紧凑型SUV,油电混合,2022.08,3年或10万公里
捷达,捷达VS7,https://p3-dcd.byteimg.com/img/motor-mis-img/a9fccec0fd194cfcb6c2cbfe78397a4e~tplv-resize:640:0.png,4439,"[10.59, 14.49]",一汽-大众捷达,155,中型SUV,汽油,2023.05,3年或10万公里
东风风神,奕炫,https://p3-dcd.byteimg.com/img/tos-cn-i-dcdx/f2597be887af41fdb6174c3200a98d2c~tplv-resize:640:0.png,4410,"[6.49, 9.39]",东风乘用车,156,紧凑型车,汽油,2022.10,3年或10万公里
奥迪,奥迪Q3,https://p9-dcd.byteimg.com/img/tos-cn-i-dcdx/cec6f6ed88e64f038b81185e048ebf8a~tplv-resize:640:0.png,4383,"[20.98, 26.74]",一汽-大众奥迪,157,紧凑型SUV,汽油,2023.08,3年或10万公里
小鹏汽车,小鹏P7,https://p3-dcd.byteimg.com/img/tos-cn-i-dcdx/008ce8adb1ad4b24acfb8fade865172a~tplv-resize:640:0.png,4271,"[20.99, 32.49]",小鹏汽车,158,中型车,纯电动,2023.11,5年或12万公里
捷途,捷途大圣,https://p3-dcd.byteimg.com/img/motor-mis-img/5ba123b24bd9a5f043a996a09501b6dd~tplv-resize:640:0.png,4228,"[9.09, 12.99]",奇瑞汽车,159,紧凑型SUV,汽油,2023.10,4年或10万公里
东风风神,皓瀚,https://p3-dcd.byteimg.com/img/tos-cn-i-dcdx/7a07d88623a346058756af5631710351~tplv-resize:640:0.png,4215,"[8.99, 13.69]",东风乘用车,160,紧凑型SUV,汽油,2023.08,3年或10万公里
坦克,坦克500 Hi4-T,https://p3-dcd.byteimg.com/img/tos-cn-i-dcdx/7fbd823a6e444011b0b69c2a19c6fcb1~tplv-resize:640:0.png,4169,"[33.5, 33.5]",长城汽车,161,中大型SUV,插电式混合动力,2023.06,5年或15万公里
吉利几何,吉利几何E萤火虫,https://p3-dcd.byteimg.com/img/tos-cn-i-dcdx/ab171bed6a464941a57445172e7bf752~tplv-resize:640:0.png,4094,"[6.88, 8.78]",吉利几何,162,小型SUV,纯电动,2023.08,4年或10万公里
坦克,坦克400 Hi4-T,https://p3-dcd.byteimg.com/img/tos-cn-i-dcdx/f45e86b33d5d4a7aafddb5dccf225299~tplv-resize:640:0.png,4086,"[27.98, 28.98]",长城汽车,163,中大型SUV,插电式混合动力,2023.09,5年或15万公里
埃安,AION V,https://p3-dcd.byteimg.com/img/tos-cn-i-dcdx/095f566cce6b433386168deed118871d~tplv-resize:640:0.png,4062,"[14.99, 22.29]",广汽埃安新能源,164,紧凑型SUV,纯电动,2023.06,4年或15万公里
奇瑞,艾瑞泽5,https://p3-dcd.byteimg.com/img/tos-cn-i-dcdx/aef5212cbadd4c05a9c450eaed0813e1~tplv-resize:640:0.png,4060,"[5.39, 7.98]",奇瑞汽车,165,紧凑型车,汽油,2023.10,3年或10万公里
吉利汽车,博越,https://p9-dcd.byteimg.com/img/tos-cn-i-dcdx/9ab4d56315ff4d8c98ee26346d40f71d~tplv-resize:640:0.png,4033,"[8.98, 11.58]",吉利汽车,166,紧凑型SUV,汽油,2024.01,4年或10万公里
荣威,荣威D7 DMH,https://p3-dcd.byteimg.com/img/tos-cn-i-dcdx/fde7c9bf8c4d47d2911c150aa53fc207~tplv-resize:640:0.png,4006,"[10.98, 13.28]",上汽集团,167,中型车,插电式混合动力,2023.11,6年或15万公里
宝马,宝马iX3,https://p3-dcd.byteimg.com/img/tos-cn-i-dcdx/39eb11e1ba734c17b6a5b4c9762123ff~tplv-resize:640:0.png,3982,"[27.19, 30.26]",华晨宝马,168,中型SUV,纯电动,2023.02,3年或10万公里
比亚迪,海豹,https://p3-dcd.byteimg.com/img/motor-mis-img/d7ab3d316e19b29973be27d746df2fa9~tplv-resize:640:0.png,3979,"[18.48, 27.28]",比亚迪,169,中型车,纯电动,2023.05,6年或15万公里
马自达,马自达CX-5,https://p9-dcd.byteimg.com/img/tos-cn-i-dcdx/cd0afa2cba3f4fba8cfdac2c4417a60b~tplv-resize:640:0.png,3951,"[12.58, 20.68]",长安马自达,170,紧凑型SUV,汽油,2023.09,3年或10万公里
红旗,红旗HS3,https://p3-dcd.byteimg.com/img/tos-cn-i-dcdx/130d0777d22c4e7aba7791c0ee645462~tplv-resize:640:0.png,3887,"[13.08, 18.08]",一汽红旗,171,紧凑型SUV,汽油,2023.07,4年或10万公里
长安启源,长安启源A07,https://p3-dcd.byteimg.com/img/tos-cn-i-dcdx/8a84daad1c4b416aac405f4ec61a2e4c~tplv-resize:640:0.png,3802,"[14.19, 16.29]",长安启源,172,中大型车,增程式,2023.09,3年或15万公里
奇瑞,探索06,https://p3-dcd.byteimg.com/img/tos-cn-i-dcdx/93b15f0f1967433faca5cac4ef9289cd~tplv-resize:640:0.png,3715,"[11.09, 13.89]",奇瑞汽车,173,紧凑型SUV,汽油,2023.12,3年或10万公里
本田,本田XR-V,https://p3-dcd.byteimg.com/img/motor-mis-img/75fc061a24092b6aa7cca9a14f8e8a2e~tplv-resize:640:0.png,3699,"[9.99, 12.29]",东风本田,174,小型SUV,汽油,2023.08,3年或10万公里
星途,星途瑶光,https://p3-dcd.byteimg.com/img/tos-cn-i-dcdx/fe5ba41003f242d994ad0722c4a9e34a~tplv-resize:640:0.png,3650,"[14.98, 20.68]",星途,175,中型SUV,汽油,2023.02,3年或10万公里
广汽传祺,影豹,https://p3-dcd.byteimg.com/img/motor-mis-img/d0be756edf1c5cf4c9e6552497309e85~tplv-resize:640:0.png,3570,"[9.2, 14.2]",广汽乘用车,176,紧凑型车,汽油,2023.03,3年或10万公里
别克,别克GL8,https://p3-dcd.byteimg.com/img/motor-mis-img/1b5d71c459535ea55476f5dd7a91be6c~tplv-resize:640:0.png,3531,"[22.79, 46.89]",上汽通用别克,177,中大型MPV,48V轻混系统,2023.02,3年或10万公里
本田,本田e:NS1,https://p3-dcd.byteimg.com/img/tos-cn-i-dcdx/0a57ed27aacd44b481e78ac2404d68e1~tplv-resize:640:0.png,3520,"[14.5, 18.8]",东风本田,178,小型SUV,纯电动,2022.04,3年或12万公里
宝骏,云朵,https://p3-dcd.byteimg.com/img/tos-cn-i-dcdx/f7956c20545c4c87ba29f4b30e6caaf9~tplv-resize:640:0.png,3487,"[6.98, 14.58]",上汽通用五菱,179,紧凑型车,纯电动,2023.08,3年或10万公里
奇瑞新能源,小蚂蚁,https://p3-dcd.byteimg.com/img/tos-cn-i-dcdx/c582d200e0fe44c7b1b5f3b6134c8849~tplv-resize:640:0.png,3478,"[5.99, 9.3]",奇瑞新能源,180,微型车,纯电动,2023.10,3年或12万公里
蓝电,蓝电E5,https://p9-dcd.byteimg.com/img/tos-cn-i-dcdx/a85640b7405f4d3889bc55d63edbd0c8~tplv-resize:640:0.png,3474,"[9.98, 15.19]",赛力斯蓝电汽车,181,中型SUV,插电式混合动力,2023.03,6年或15万公里
名爵,MG7,https://p9-dcd.byteimg.com/img/tos-cn-i-dcdx/b0f952ca6faf46b1bb0fc809ab964a49~tplv-resize:640:0.png,3391,"[11.98, 16.98]",上汽集团,182,中型车,汽油,2023.03,3年或10万公里
广汽传祺,传祺M6,https://p3-dcd.byteimg.com/img/tos-cn-i-dcdx/7f73f6f447314098ac00754b8b25efd2~tplv-resize:640:0.png,3371,"[10.88, 14.88]",广汽乘用车,183,紧凑型MPV,汽油,2022.12,3年或10万公里
领克,领克06,https://p9-dcd.byteimg.com/img/motor-mis-img/189c2b11c6396ed5c63d9db5a57e6341~tplv-resize:640:0.png,3362,"[10.56, 12.68]",领克,184,小型SUV,汽油,2022.09,4年或10万公里
星途,星途凌云,https://p9-dcd.byteimg.com/img/tos-cn-i-dcdx/023c83c093834e84a0ed4cf48601be51~tplv-resize:640:0.png,3361,"[13.29, 18.29]",星途,185,中型SUV,汽油,2023.07,3年或10万公里
哈弗,哈弗M6,https://p9-dcd.byteimg.com/img/motor-mis-img/3318a942828459ec7ce8bd81f8e187d9~tplv-resize:640:0.png,3345,"[6.19, 8.29]",长城汽车,186,紧凑型SUV,汽油,2023.03,3年或10万公里
福特,领睿,https://p9-dcd.byteimg.com/img/motor-mis-img/2e84d7b827ee1d79eea53e9aec7ff9de~tplv-resize:640:0.png,3345,"[11.48, 15.78]",江铃福特,187,中型SUV,汽油,2023.08,3年或10万公里
蔚来,蔚来ET5T,https://p3-dcd.byteimg.com/img/tos-cn-i-dcdx/a03cf015743343d0aa5a45c8b02551c9~tplv-resize:640:0.png,3331,"[29.8, 35.6]",蔚来,188,中型车,纯电动,2023.06,3年或12万公里
沃尔沃,沃尔沃S90,https://p3-dcd.byteimg.com/img/tos-cn-i-dcdx/29edd1a1863d4861850a5e55c29532e8~tplv-resize:640:0.png,3305,"[30.69, 40.59]",沃尔沃亚太,189,中大型车,48V轻混系统,2023.06,3年不限公里
岚图,岚图FREE,https://p9-dcd.byteimg.com/img/tos-cn-i-dcdx/debb222a0b6f4a888c798b60e527050e~tplv-resize:640:0.png,3284,"[26.69, 26.69]",岚图汽车,190,中大型SUV,增程式,2023.08,5年或10万公里
本田,奥德赛,https://p3-dcd.byteimg.com/img/tos-cn-i-dcdx/c5dcacaaacb3459cb9c4c522a0df3c82~tplv-resize:640:0.png,3171,"[21.58, 40.98]",广汽本田,191,中型MPV,油电混合,2023.06,3年或10万公里
ARCFOX极狐,极狐考拉,https://p9-dcd.byteimg.com/img/tos-cn-i-dcdx/2ae812bccf4746899d8d2ed99bbd9573~tplv-resize:640:0.png,3134,"[13.18, 15.88]",北汽新能源,192,紧凑型MPV,纯电动,2023.09,5年或12万公里
本田,飞度,https://p3-dcd.byteimg.com/img/tos-cn-i-dcdx/b904c6bfc5094657bbcad15af499fd16~tplv-resize:640:0.png,3113,"[7.18, 10.08]",广汽本田,193,小型车,汽油,2023.04,3年或10万公里
飞凡汽车,飞凡R7,https://p3-dcd.byteimg.com/img/tos-cn-i-dcdx/0411511da1c7449094e840d419972f01~tplv-resize:640:0.png,3099,"[18.99, 22.99]",飞凡汽车,194,中大型SUV,纯电动,2023.11,5年或12万公里
凯翼,凯翼拾月,https://p9-dcd.byteimg.com/img/tos-cn-i-dcdx/d654726800a34ad197462e1a65864112~tplv-resize:640:0.png,3079,"[5.39, 9.98]",凯翼汽车,195,微型车,纯电动,2023.11,3年或12万公里
捷途,捷途X90,https://p9-dcd.byteimg.com/img/motor-mis-img/db9398d99c107b4ee74543a8fa39cc8a~tplv-resize:640:0.png,3039,"[13.19, 16.49]",奇瑞汽车,196,中型SUV,汽油,2022.11,4年或10万公里
东风风神,东风风神E70,https://p9-dcd.byteimg.com/img/motor-mis-img/3645e5106165def002a7ab1f2300c71c~tplv-resize:640:0.png,3025,"[14.28, 15.38]",东风乘用车,197,紧凑型车,纯电动,2023.03,3年或30万公里
福特,锐界,https://p3-dcd.byteimg.com/img/tos-cn-i-dcdx/cad5d4e17ca14279b93666d6e3164c3d~tplv-resize:640:0.png,3024,"[22.1, 30.1]",长安福特,198,中型SUV,汽油,2023.04,3年或10万公里
吉利汽车,缤瑞,https://p3-dcd.byteimg.com/img/motor-mis-img/9125fbf12f1de7a3fe03d9a1c7857412~tplv-resize:640:0.png,3018,"[7.98, 9.98]",吉利汽车,199,紧凑型车,汽油,2023.08,4年或10万公里
本田,冠道,https://p3-dcd.byteimg.com/img/tos-cn-i-dcdx/fc979e09cc8f450c9a1dceb57d57ec05~tplv-resize:640:0.png,3014,"[20.78, 29.78]",广汽本田,200,中型SUV,汽油,2023.08,3年或10万公里
长安,长安CS35 PLUS,https://p9-dcd.byteimg.com/img/motor-mis-img/810127c3c51f072dd2ea70a1a5aa09db~tplv-resize:640:0.png,3011,"[6.99, 8.19]",长安汽车,201,小型SUV,汽油,2023.09,3年或10万公里
北京,北京BJ40,https://p3-dcd.byteimg.com/img/tos-cn-i-dcdx/3a8235032015497c9b815308b121c4ba~tplv-resize:640:0.png,3009,"[14.98, 26.99]",北京汽车,202,紧凑型SUV,汽油,2023.11,5年或15万公里
大众,揽境,https://p9-dcd.byteimg.com/img/tos-cn-i-dcdx/e14ccc42e68c4f239d6be4af52e2995f~tplv-resize:640:0.png,2994,"[23.29, 35.49]",一汽-大众,203,中大型SUV,汽油,2023.11,3年或10万公里
五菱汽车,五菱荣光,https://p3-dcd.byteimg.com/img/motor-mis-img/efe0d84f810fe914c7149c51a6c1658e~tplv-resize:640:0.png,2991,"[4.09, 4.75]",上汽通用五菱,204,微面,汽油,2023.04,3年或6万公里
比亚迪,秦EV,https://p3-dcd.byteimg.com/img/motor-mis-img/1c7a3356986a77510a0b53855fb5a868~tplv-resize:640:0.png,2975,"[15.28, 16.68]",比亚迪,205,紧凑型车,纯电动,2021.05,6年或60万公里
奔腾,奔腾T55,https://p3-dcd.byteimg.com/img/motor-mis-img/5eb9a1106aaeba38383586d41c10fd06~tplv-resize:640:0.png,2921,"[8.09, 9.99]",一汽奔腾,206,紧凑型SUV,汽油,2023.04,3年或10万公里
荣威,荣威RX5,https://p3-dcd.byteimg.com/img/motor-mis-img/50e4ec0931df36a7ac8c841a023e5a60~tplv-resize:640:0.png,2919,"[8.19, 14.09]",上汽集团,207,紧凑型SUV,汽油,2022.08,3年或10万公里
大众,Polo,https://p3-dcd.byteimg.com/img/tos-cn-i-dcdx/a6ee19f8cb8b4ad8bab7f2b3cb0e4fa1~tplv-resize:640:0.png,2918,"[7.09, 11.69]",上汽大众,208,小型车,汽油,2023.05,3年或10万公里
蔚来,蔚来EC6,https://p9-dcd.byteimg.com/img/tos-cn-i-dcdx/e3362ddc7fbb4a13a303fc940c09d0fe~tplv-resize:640:0.png,2887,"[35.8, 41.6]",蔚来,209,中型SUV,纯电动,2023.09,3年或12万公里
大众,途铠,https://p9-dcd.byteimg.com/img/motor-mis-img/c21b08981b849be7a38cfb49f038d530~tplv-resize:640:0.png,2861,"[9.19, 13.79]",上汽大众,210,小型SUV,汽油,2023.05,3年或10万公里
长安欧尚,长安欧尚Z6 iDD新能源,https://p3-dcd.byteimg.com/img/tos-cn-i-dcdx/9d2a56308a184ed89115a0b35d840d2e~tplv-resize:640:0.png,2858,"[12.98, 14.58]",长安汽车,211,紧凑型SUV,插电式混合动力,2023.06,3年或12万公里
凯迪拉克,凯迪拉克XT5,https://p9-dcd.byteimg.com/img/tos-cn-i-dcdx/34121f151dfa4523a4d827d0d3ea7a3e~tplv-resize:640:0.png,2815,"[25.97, 35.97]",上汽通用凯迪拉克,212,中型SUV,48V轻混系统,2023.09,3年不限公里
奥迪,奥迪Q4 e-tron,https://p3-dcd.byteimg.com/img/tos-cn-i-dcdx/1a4aff7cb585445d897494310ccaaaad~tplv-resize:640:0.png,2754,"[21.16, 28.26]",一汽-大众奥迪,213,紧凑型SUV,纯电动,2023.11,3年或10万公里
领克,领克06 EM-P,https://p9-dcd.byteimg.com/img/tos-cn-i-dcdx/0b14beda740d47ea8db4e20cec55f377~tplv-resize:640:0.png,2700,"[13.28, 15.78]",领克,214,小型SUV,插电式混合动力,2023.11,5年或10万公里
比亚迪,护卫舰 07,https://p3-dcd.byteimg.com/img/tos-cn-i-dcdx/25da945746f842dbac9e8ec9d481fb6e~tplv-resize:640:0.png,2629,"[18.48, 27.18]",比亚迪,215,中型SUV,插电式混合动力,2022.12,6年或15万公里
魏牌,蓝山DHT-PHEV,https://p3-dcd.byteimg.com/img/tos-cn-i-dcdx/d81ba06d1efb4049a67bd2fd3b4e7f03~tplv-resize:640:0.png,2564,"[27.38, 30.88]",长城汽车,216,中大型SUV,插电式混合动力,2023.04,5年或15万公里
别克,君越,https://p9-dcd.byteimg.com/img/tos-cn-i-dcdx/d46a7ee58b8a41ac8a6872614bd23172~tplv-resize:640:0.png,2562,"[15.98, 22.99]",上汽通用别克,217,中型车,汽油,2023.05,3年或10万公里
长安启源,长安启源A05,https://p3-dcd.byteimg.com/img/tos-cn-i-dcdx/90024992da744ec1a944c8bca7fb6a3d~tplv-resize:640:0.png,2529,"[8.79, 11.79]",长安启源,218,紧凑型车,插电式混合动力,2023.10,3年或15万公里
零跑汽车,零跑C01,https://p3-dcd.byteimg.com/img/tos-cn-i-dcdx/29eebc897a7e48b7843ad9a59acb896b~tplv-resize:640:0.png,2473,"[14.08, 20.38]",零跑汽车,219,中大型车,纯电动,2023.03,4年或12万公里
睿蓝汽车,枫叶60s,https://p3-dcd.byteimg.com/img/motor-mis-img/22ab00035ad9fd4ac71b8baf75aa7293~tplv-resize:640:0.png,2402,"[8.18, 13.18]",睿蓝汽车,220,紧凑型车,纯电动,2023.03,1年或15万公里
大众,威然,https://p3-dcd.byteimg.com/img/motor-mis-img/5dc411ad7f5c2d9d8d69255c864cfded~tplv-resize:640:0.png,2373,"[26.48, 37.78]",上汽大众,221,中大型MPV,汽油,2023.08,3年或10万公里
广汽传祺,影酷,https://p9-dcd.byteimg.com/img/motor-mis-img/fb916563d977a0dcf0ca3a200e4eda73~tplv-resize:640:0.png,2364,"[9.98, 13.98]",广汽乘用车,222,紧凑型SUV,汽油,2022.09,3年或10万公里
广汽传祺,传祺E9 PHEV,https://p3-dcd.byteimg.com/img/tos-cn-i-dcdx/3da48c68376e4e158a93ba1e44310602~tplv-resize:640:0.png,2356,"[32.98, 38.98]",广汽乘用车,223,中大型MPV,插电式混合动力,2023.05,3年或10万公里
长安欧尚,长安欧尚X7 PLUS,https://p3-dcd.byteimg.com/img/tos-cn-i-dcdx/792f6cb783e54f76b76081f54eb719ad~tplv-resize:640:0.png,2349,"[6.49, 12.19]",长安汽车,224,紧凑型SUV,汽油,2023.04,3年或10万公里
ARCFOX极狐,极狐 阿尔法S,https://p3-dcd.byteimg.com/img/tos-cn-i-dcdx/68074449504240e8bf194f287a7bdabc~tplv-resize:640:0.png,2333,"[18.48, 32.98]",北汽新能源,225,中大型车,纯电动,2023.06,3年或12万公里
极氪,ZEEKR X,https://p3-dcd.byteimg.com/img/tos-cn-i-dcdx/33b96f679225419d89ce5e5e2d36ac47~tplv-resize:640:0.png,2329,"[18.98, 22.98]",极氪,226,紧凑型SUV,纯电动,2024.01,4年或10万公里
极氪,ZEEKR 009,https://p3-dcd.byteimg.com/img/tos-cn-i-dcdx/ebd486b72aae4e8a8607707a709a8121~tplv-resize:640:0.png,2310,"[50, 58.8]",极氪,227,中大型MPV,纯电动,2024.01,4年或10万公里
丰田,威飒,https://p3-dcd.byteimg.com/img/tos-cn-i-dcdx/97f0b1f0d49d4d95845a17fda2bf026e~tplv-resize:640:0.png,2279,"[17.68, 26.38]",广汽丰田,228,中型SUV,汽油,2023.03,3年或10万公里
福特,探险者,https://p3-dcd.byteimg.com/img/tos-cn-i-dcdx/31302546ff654c8cb31296e9b85fe510~tplv-resize:640:0.png,2267,"[30.98, 39.98]",长安福特,229,中大型SUV,汽油,2022.09,3年或10万公里
启辰,启辰大V DD-i超混动,https://p3-dcd.byteimg.com/img/tos-cn-i-dcdx/9d1e245dc33446edb0cd4bd7bd7ae3c0~tplv-resize:640:0.png,2253,"[11.69, 14.79]",东风日产,230,紧凑型SUV,插电式混合动力,2023.07,6年或15万公里
丰田,凌放HARRIER,https://p9-dcd.byteimg.com/img/motor-mis-img/b797413d40370e0efc7a2dfa9b5e9cf7~tplv-resize:640:0.png,2236,"[17.18, 25.88]",一汽丰田,231,中型SUV,汽油,2023.05,3年或10万公里
日产,骐达TIIDA,https://p3-dcd.byteimg.com/img/tos-cn-i-dcdx/c2bc63fa5a1142b9aba74bf02210d1cc~tplv-resize:640:0.png,2228,"[8.49, 11.09]",东风日产,232,紧凑型车,汽油,2023.08,3年或10万公里
江淮汽车,江淮X8 PLUS,https://p9-dcd.byteimg.com/img/tos-cn-i-dcdx/cf84c6dcdafb46cbbde7cd49e3cd70df~tplv-resize:640:0.png,2224,"[9.38, 17.98]",江汽集团,233,中型SUV,汽油,2023.10,3年或10万公里
阿维塔,阿维塔 11,https://p9-dcd.byteimg.com/img/tos-cn-i-dcdx/c080d03aba5e491496cc1dab532aded0~tplv-resize:640:0.png,2202,"[30, 39]",阿维塔科技,234,中大型SUV,纯电动,2024.01,5年或12万公里
蔚来,蔚来ET5,https://p3-dcd.byteimg.com/img/motor-mis-img/6b3472130dfd56454f65df80d9f461f6~tplv-resize:640:0.png,2167,"[29.8, 35.6]",蔚来,235,中型车,纯电动,2021.12,3年或12万公里
凯翼,炫界,https://p3-dcd.byteimg.com/img/motor-mis-img/2666dff05b9d5813ff3dcfff49862beb~tplv-resize:640:0.png,2165,"[6.39, 9.29]",凯翼汽车,236,紧凑型SUV,汽油,2024.01,3年或10万公里
广汽传祺,传祺ES9 PHEV,https://p9-dcd.byteimg.com/img/tos-cn-i-dcdx/15c11682cdb54abfa9538ad08c148c9c~tplv-resize:640:0.png,2090,"[22.98, 26.98]",广汽乘用车,237,中大型SUV,插电式混合动力,2023.10,5年或15万公里
本田,艾力绅,https://p3-dcd.byteimg.com/img/tos-cn-i-dcdx/d874253ddcab4fbeac2e52354f3d9e62~tplv-resize:640:0.png,2044,"[23.98, 29.18]",东风本田,238,中型MPV,油电混合,2023.07,3年或10万公里
哪吒汽车,哪吒S,https://p3-dcd.byteimg.com/img/motor-mis-img/7d0526da99f43d18ef6a7b56a6e83060~tplv-resize:640:0.png,2010,"[15.98, 22.98]",合众汽车,239,中大型车,增程式,2023.07,4年或12万公里
smart,smart精灵#1,https://p3-dcd.byteimg.com/img/motor-mis-img/d3dc084ea15c3a5ddb79094343132daa~tplv-resize:640:0.png,2009,"[17.9, 28.49]",smart,240,小型SUV,纯电动,2024.01,4年或15万公里
大众,ID.4 X,https://p9-dcd.byteimg.com/img/tos-cn-i-dcdx/d16a58d2e5694b7b84ba28604a6421e0~tplv-resize:640:0.png,1950,"[14.9, 23.94]",上汽大众,241,紧凑型SUV,纯电动,2024.01,3年或10万公里
奇瑞,瑞虎5x,https://p3-dcd.byteimg.com/img/motor-mis-img/bf49fad02231fbc7c729f23640775a75~tplv-resize:640:0.png,1896,"[5.79, 8.99]",奇瑞汽车,242,小型SUV,汽油,2023.04,3年或10万公里
东风风行,菱智,https://p3-dcd.byteimg.com/img/tos-cn-i-dcdx/1b4c5e581271490ab064442a9188b466~tplv-resize:640:0.png,1873,"[5.49, 9.49]",东风风行,243,中型MPV,汽油,2023.09,5年或10万公里
大运,悦虎,https://p9-dcd.byteimg.com/img/motor-mis-img/734908e2eb6373bc7e736fae703e25f6~tplv-resize:640:0.png,1856,"[5.48, 8.38]",大运汽车,244,小型SUV,纯电动,2023.06,3年或12万公里
比亚迪,比亚迪e2,https://p3-dcd.byteimg.com/img/tos-cn-i-dcdx/b8781cd4b8d749f997db471d7ee5b563~tplv-resize:640:0.png,1845,"[10.18, 14.08]",比亚迪,245,紧凑型车,纯电动,2023.04,6年或15万公里
小鹏汽车,小鹏P5,https://p3-dcd.byteimg.com/img/tos-cn-i-dcdx/6b1268066a194ee5824e3e64310dd7e1~tplv-resize:640:0.png,1838,"[14.89, 16.79]",小鹏汽车,246,紧凑型车,纯电动,2023.09,4年或10万公里
林肯,冒险家,https://p3-dcd.byteimg.com/img/tos-cn-i-dcdx/9d39599a71b34b279c96d02bff066c3d~tplv-resize:640:0.png,1832,"[22.58, 32.58]",长安林肯,247,紧凑型SUV,汽油,2023.05,5年或14万公里
阿维塔,阿维塔 12,https://p3-dcd.byteimg.com/img/tos-cn-i-dcdx/9f103ca925eb42b0af887cc4011f7193~tplv-resize:640:0.png,1820,"[30.08, 40.08]",阿维塔科技,248,中大型车,纯电动,2023.11,5年或12万公里
长安,长安UNI-K,https://p3-dcd.byteimg.com/img/tos-cn-i-dcdx/458c4ef6b652476e8519de66e0912a74~tplv-resize:640:0.png,1796,"[12.99, 15.99]",长安汽车,249,中型SUV,汽油,2023.11,3年或10万公里
启辰,启辰D60 EV,https://p3-dcd.byteimg.com/img/motor-mis-img/9defc15eb235673157d66da8cbba5273~tplv-resize:640:0.png,1747,"[12.48, 13.28]",东风日产,250,紧凑型车,纯电动,2022.10,3年或12万公里
福特,锐际,https://p3-dcd.byteimg.com/img/tos-cn-i-dcdx/e85d383a99d24b91b83a3b4e46f711fe~tplv-resize:640:0.png,1738,"[14.98, 20.18]",长安福特,251,紧凑型SUV,汽油,2023.08,3年或10万公里
上汽大通MAXUS,大通G50,https://p3-dcd.byteimg.com/img/motor-mis-img/1f8cf3e8aa8da7a93d7fa90a0ed6e5d6~tplv-resize:640:0.png,1730,"[8.68, 14.98]",上汽大通,252,紧凑型MPV,汽油,2023.04,3年或6万公里
比亚迪,元Pro,https://p3-dcd.byteimg.com/img/tos-cn-i-dcdx/75aceda12312482a844f17861bbac469~tplv-resize:640:0.png,1718,"[8.98, 10.78]",比亚迪,253,小型SUV,纯电动,2023.05,6年或15万公里
雪铁龙,凡尔赛C5 X,https://p3-dcd.byteimg.com/img/tos-cn-i-dcdx/a1102b80c22949dbbd878f5d33a991ed~tplv-resize:640:0.png,1705,"[13.87, 18.67]",东风雪铁龙,254,中型车,汽油,2023.04,5年或15万公里
ARCFOX极狐,极狐 阿尔法T,https://p3-dcd.byteimg.com/img/tos-cn-i-dcdx/8096473bc63d451da7fe5f64b97bc7ff~tplv-resize:640:0.png,1682,"[18.08, 27.58]",北汽新能源,255,中型SUV,纯电动,2023.06,3年或12万公里
五菱汽车,五菱之光,https://p3-dcd.byteimg.com/img/motor-mis-img/bf32df7a7883000dfdf00a7d80bf31ea~tplv-resize:640:0.png,1669,"[3.51, 3.79]",上汽通用五菱,256,微面,汽油,2023.04,null
北京汽车,北京X7,https://p9-dcd.byteimg.com/img/tos-cn-i-dcdx/67658ecc813347a7ac755fe72b5123ad~tplv-resize:640:0.png,1657,"[9.49, 13.99]",北京汽车,257,紧凑型SUV,汽油,2023.04,5年或10万公里
广汽传祺,传祺GS8,https://p3-dcd.byteimg.com/img/motor-mis-img/bef1e4e3b0a6fa8de3a3887dcaaad449~tplv-resize:640:0.png,1656,"[15.58, 24.28]",广汽乘用车,258,中型SUV,汽油,2023.06,5年或15万公里
起亚,狮铂拓界,https://p3-dcd.byteimg.com/img/motor-mis-img/64635680904a46d6cc34230eaf9a9552~tplv-resize:640:0.png,1636,"[13.33, 18.89]",起亚,259,紧凑型SUV,汽油,2022.11,5年或10万公里
沃尔沃,沃尔沃S60,https://p3-dcd.byteimg.com/img/motor-mis-img/917e910a69010277adf7b04033758613~tplv-resize:640:0.png,1630,"[22.59, 31.39]",沃尔沃亚太,260,中型车,48V轻混系统,2023.07,3年不限公里
红旗,红旗H9,https://p3-dcd.byteimg.com/img/tos-cn-i-dcdx/5a83a84460054405a374db60196ea265~tplv-resize:640:0.png,1611,"[26.98, 82]",一汽红旗,261,中大型车,48V轻混系统,2023.08,4年或10万公里
昊铂,昊铂HT,https://p9-dcd.byteimg.com/img/tos-cn-i-dcdx/bc9ee36e26cb46619a5f4ff8ba186b46~tplv-resize:640:0.png,1594,"[21.39, 28.69]",广汽埃安新能源,262,中大型SUV,纯电动,2023.11,null
仰望,仰望U8,https://p9-dcd.byteimg.com/img/tos-cn-i-dcdx/6ab6732babb34e30b5e63c41a3eb5b08~tplv-resize:640:0.png,1593,"[109.8, 109.8]",仰望,263,大型SUV,增程式,2023.09,6年或15万公里
蔚来,蔚来ES8,https://p3-dcd.byteimg.com/img/tos-cn-i-dcdx/94095b474bee49fe9cf4700d9f323b90~tplv-resize:640:0.png,1584,"[49.8, 59.8]",蔚来,264,中大型SUV,纯电动,2022.12,3年或12万公里
奔腾,奔腾T90,https://p9-dcd.byteimg.com/img/tos-cn-i-dcdx/0f4e570b09094ad188f309de0dd5ae96~tplv-resize:640:0.png,1562,"[10, 14.7]",一汽奔腾,265,紧凑型SUV,汽油,2023.06,3年或10万公里
丰田,丰田bZ3,https://p3-dcd.byteimg.com/img/tos-cn-i-dcdx/cbf3ea024efc4e49ad282ed1bdc84cc4~tplv-resize:640:0.png,1537,"[13.98, 16.98]",一汽丰田,266,中型车,纯电动,2023.03,null
长安欧尚,奔奔E-Star,https://p3-dcd.byteimg.com/img/motor-mis-img/5a66c6bc0c1d71c7e6f68f53b902d1b9~tplv-resize:640:0.png,1471,"[6.79, 6.79]",长安汽车,267,小型车,纯电动,2023.05,3年或12万公里
星途,星途揽月,https://p3-dcd.byteimg.com/img/tos-cn-i-dcdx/c271cffb3ca74bedaa33e218863439d4~tplv-resize:640:0.png,1464,"[18.99, 23.89]",星途,268,中大型SUV,汽油,2023.11,3年或10万公里
iCAR,iCAR 03,https://p3-dcd.byteimg.com/img/tos-cn-i-dcdx/dcd25fc4fb874990a1ab3d851eb4df03~tplv-resize:640:0.png,1445,"[0, 0]",奇瑞新能源,269,紧凑型SUV,纯电动,null,null
比亚迪,唐EV,https://p9-dcd.byteimg.com/img/tos-cn-i-dcdx/0e4eb3c18a9b4970b9fb9102879d383a~tplv-resize:640:0.png,1426,"[23.98, 33.28]",比亚迪,270,中型SUV,纯电动,2023.08,6年或15万公里
长安,长安UNI-T,https://p3-dcd.byteimg.com/img/tos-cn-i-dcdx/09a8092ecee34808ae45128f9d2adb1e~tplv-resize:640:0.png,1417,"[9.99, 12.99]",长安汽车,271,紧凑型SUV,汽油,2023.02,3年或10万公里
广汽传祺,传祺GS4,https://p3-dcd.byteimg.com/img/tos-cn-i-dcdx/0d580559172745108aaaa3b7e2aa8a18~tplv-resize:640:0.png,1404,"[9.98, 10.68]",广汽乘用车,272,紧凑型SUV,汽油,2023.04,3年或10万公里
凯迪拉克,凯迪拉克XT4,https://p3-dcd.byteimg.com/img/tos-cn-i-dcdx/0a4bbf84f21a4ef991576b8619a433a1~tplv-resize:640:0.png,1400,"[19.97, 25.67]",上汽通用凯迪拉克,273,紧凑型SUV,48V轻混系统,2023.05,3年不限公里
吉利汽车,星瑞L,https://p3-dcd.byteimg.com/img/tos-cn-i-dcdx/00919a7f53f64b5a8458267e3ced78f9~tplv-resize:640:0.png,1380,"[12.37, 14.37]",吉利汽车,274,紧凑型车,油电混合,2023.12,5年或15万公里
现代,库斯途,https://p9-dcd.byteimg.com/img/motor-mis-img/b8003b7e07498026bae4c0eef2ac8b4f~tplv-resize:640:0.png,1376,"[14.78, 19.88]",北京现代,275,中大型MPV,汽油,2022.05,5年或10万公里
奔驰,奔驰V级,https://p3-dcd.byteimg.com/img/tos-cn-i-dcdx/bb1047767b9e4323bf91566259a5cb03~tplv-resize:640:0.png,1371,"[47.78, 64.58]",福建奔驰,276,中大型MPV,汽油,2022.12,3年或6万公里
奔驰,威霆,https://p9-dcd.byteimg.com/img/motor-mis-img/99be7e56fcde356fb22ec554e1edd23f~tplv-resize:640:0.png,1368,"[27.8, 35.28]",福建奔驰,277,中大型MPV,汽油,2023.05,3年或6万公里
飞凡汽车,飞凡F7,https://p3-dcd.byteimg.com/img/tos-cn-i-dcdx/05418ae564404a428099f08313bb880d~tplv-resize:640:0.png,1365,"[18.99, 27.99]",飞凡汽车,278,中大型车,纯电动,2023.11,5年或12万公里
起亚,赛图斯,https://p9-dcd.byteimg.com/img/tos-cn-i-dcdx/7fe56786e2be481da4a141a6d9364052~tplv-resize:640:0.png,1333,"[8.49, 13.08]",起亚,279,紧凑型SUV,汽油,2023.04,3年或10万公里
名爵,MG4 EV,https://p3-dcd.byteimg.com/img/tos-cn-i-dcdx/798b4dc1a776470c9d5ebf6dae3be966~tplv-resize:640:0.png,1322,"[11.58, 17.98]",上汽集团,280,紧凑型车,纯电动,2023.09,3年或10万公里
SRM鑫源,海狮 EV,https://p9-dcd.byteimg.com/img/motor-mis-img/0a74400a76f63118d3640c7b6367eeb0~tplv-resize:640:0.png,1304,"[14.48, 14.68]",鑫源汽车新能源,281,微面,纯电动,2021.03,3年或6万公里
凯迪拉克,凯迪拉克GT4,https://p3-dcd.byteimg.com/img/tos-cn-i-dcdx/6db297a9abf54fcb86895a89462201a4~tplv-resize:640:0.png,1302,"[19.47, 27.97]",上汽通用凯迪拉克,282,紧凑型SUV,48V轻混系统,2023.05,3年不限公里
东风纳米,纳米BOX,https://p3-dcd.byteimg.com/img/tos-cn-i-dcdx/49485a6aaae1402388ea2f897d97f5a7~tplv-resize:640:0.png,1283,"[4.87, 7.47]",东风汽车,283,小型SUV,纯电动,2023.04,3年或6万公里
红旗,红旗HQ9,https://p3-dcd.byteimg.com/img/motor-mis-img/b690e5fd5c48d8da3726a893a2d296cf~tplv-resize:640:0.png,1273,"[33.88, 51.88]",一汽红旗,284,中大型MPV,48V轻混系统,2022.09,4年或10万公里
海马,海马7X,https://p3-dcd.byteimg.com/img/motor-mis-img/0ccdcce434e8438ddd85acf1f1502c03~tplv-resize:640:0.png,1272,"[12.98, 16.38]",一汽海马,285,紧凑型MPV,汽油,2023.08,5年或10万公里
奔腾,奔腾NAT,https://p3-dcd.byteimg.com/img/motor-mis-img/86e59b68321279091b353bb89ec0d411~tplv-resize:640:0.png,1260,"[12.78, 14.48]",一汽奔腾,286,紧凑型MPV,纯电动,2023.02,3年或30万公里
本田,ZR-V 致在,https://p3-dcd.byteimg.com/img/tos-cn-i-dcdx/d59738a62f53451bbcf05a4bc6bd907c~tplv-resize:640:0.png,1248,"[12.99, 19.39]",广汽本田,287,紧凑型SUV,汽油,2023.02,3年或10万公里
长安,逸动EV,https://p3-dcd.byteimg.com/img/motor-mis-img/436afddc96adbf1bea9ad5e693d13a35~tplv-resize:640:0.png,1239,"[14.99, 15.99]",长安汽车,288,紧凑型车,纯电动,2024.01,1年或12万公里
路虎,揽胜极光,https://p3-dcd.byteimg.com/img/tos-cn-i-dcdx/f6f3c888d1094dbeb62f6472ceb0ca3a~tplv-resize:640:0.png,1239,"[23.98, 30.52]",奇瑞捷豹路虎,289,中型SUV,48V轻混系统,2023.03,3年或10万公里
起亚,起亚K3,https://p3-dcd.byteimg.com/img/tos-cn-i-dcdx/472cba0cc0a54bd6aca66872589b2e1d~tplv-resize:640:0.png,1234,"[8.39, 11.49]",起亚,290,紧凑型车,汽油,2023.02,3年或10万公里
宝骏,悦也,https://p3-dcd.byteimg.com/img/tos-cn-i-dcdx/89571c98d16249bfa17a9e614ecedea0~tplv-resize:640:0.png,1225,"[7.48, 8.48]",上汽通用五菱,291,小型SUV,纯电动,2023.05,3年或10万公里
路虎,发现运动版,https://p3-dcd.byteimg.com/img/tos-cn-i-dcdx/baed337da8194904890fcbac6e0e8dce~tplv-resize:640:0.png,1213,"[23.8, 32.66]",奇瑞捷豹路虎,292,中型SUV,48V轻混系统,2023.07,3年或10万公里
红旗,红旗H6,https://p3-dcd.byteimg.com/img/tos-cn-i-dcdx/5f5b06d03ef847f7a958927ccd791263~tplv-resize:640:0.png,1202,"[18.28, 22.98]",一汽红旗,293,中型车,汽油,2023.04,4年或10万公里
别克,世纪,https://p9-dcd.byteimg.com/img/tos-cn-i-dcdx/c5b214e5d3fa4fa89c233743b464e318~tplv-resize:640:0.png,1198,"[46.98, 68.98]",上汽通用别克,294,中大型MPV,48V轻混系统,2023.08,3年或10万公里
哈弗,哈弗枭龙MAX,https://p3-dcd.byteimg.com/img/tos-cn-i-dcdx/94de8037fafe42d78886694b51b82c12~tplv-resize:640:0.png,1148,"[14.98, 17.38]",长城汽车,295,中型SUV,插电式混合动力,2023.05,6年或15万公里
雪佛兰,迈锐宝XL,https://p3-dcd.byteimg.com/img/motor-mis-img/8171a91a9f3017a9001e682797dc5f77~tplv-resize:640:0.png,1130,"[12.29, 16.69]",上汽通用雪佛兰,296,中型车,汽油,2023.06,3年或10万公里
欧拉,欧拉闪电猫,https://p3-dcd.byteimg.com/img/motor-mis-img/9a42521e00f5301bbf77aaec4f602946~tplv-resize:640:0.png,1129,"[15.48, 23.48]",长城汽车,297,中型车,纯电动,2022.10,5年或15万公里
SWM斯威汽车,斯威X7,https://p3-dcd.byteimg.com/img/motor-mis-img/11fbe3c6e9192008adca4108d69b5413~tplv-resize:640:0.png,1128,"[8.49, 10.59]",SWM斯威汽车,298,中型SUV,汽油,2021.02,8年或16万公里
SRM鑫源,金海狮,https://p9-dcd.byteimg.com/img/motor-mis-img/420edba187de7d68b797455324ccd5af~tplv-resize:640:0.png,1128,"[6.09, 10.59]",鑫源汽车,299,中型MPV,汽油,2023.09,2年或10万公里
标致,标致4008,https://p9-dcd.byteimg.com/img/motor-mis-img/736419b6347a430fa6ef5941234c9513~tplv-resize:640:0.png,1124,"[16.47, 16.47]",东风标致,300,紧凑型SUV,汽油,2023.07,5年或15万公里
奥迪,奥迪Q2L,https://p9-dcd.byteimg.com/img/motor-mis-img/0e16b77226dca6112ea3d2b8e2e7d9d5~tplv-resize:640:0.png,1123,"[15.59, 18.27]",一汽-大众奥迪,301,小型SUV,汽油,2023.08,3年或10万公里
东风风神,皓极,https://p3-dcd.byteimg.com/img/tos-cn-i-dcdx/68b2913fe7a54330b67436f95718fb7e~tplv-resize:640:0.png,1120,"[12.09, 14.09]",东风乘用车,302,紧凑型SUV,汽油,2023.10,3年或10万公里
启辰,启辰VX6,https://p9-dcd.byteimg.com/img/tos-cn-i-dcdx/de8d87c33dcb4bcbb18ea3db22b8462c~tplv-resize:640:0.png,1112,"[13.59, 15.39]",东风日产,303,紧凑型SUV,纯电动,2023.11,3年或10万公里
北京,北京BJ60,https://p3-dcd.byteimg.com/img/motor-mis-img/a1d19a6232689b9e0f3e59ac314a91c7~tplv-resize:640:0.png,1095,"[23.98, 28.58]",北京汽车,304,中大型SUV,48V轻混系统,2023.09,5年或15万公里
宝骏,宝骏KiWi EV,https://p3-dcd.byteimg.com/img/motor-mis-img/efdc6c8ac11f8f256a1a69c114935b01~tplv-resize:640:0.png,1081,"[7.38, 9.88]",上汽通用五菱,305,微型车,纯电动,2022.09,3年或6万公里
大众,迈腾GTE,https://p3-dcd.byteimg.com/img/motor-mis-img/aa0da3e462123203481abf9ce80822a1~tplv-resize:640:0.png,1064,"[19.89, 21.29]",一汽-大众,306,中型车,插电式混合动力,2021.12,3年或10万公里
岚图,岚图追光 PHEV,https://p3-dcd.byteimg.com/img/tos-cn-i-dcdx/f403f07775ae4a8f8f23694d07236baa~tplv-resize:640:0.png,1049,"[25.28, 27.78]",岚图汽车,307,中大型车,插电式混合动力,2023.12,5年或10万公里
奔驰,奔驰EQE SUV,https://p3-dcd.byteimg.com/img/tos-cn-i-dcdx/c7010d771a9d4e04b615808cd7290b36~tplv-resize:640:0.png,1042,"[35.59, 50.05]",北京奔驰,308,中大型SUV,纯电动,2023.12,3年不限公里
奇瑞,瑞虎3x,https://p3-dcd.byteimg.com/img/tos-cn-i-dcdx/824cad6766644142b83d4b33b9a3e824~tplv-resize:640:0.png,1042,"[5.39, 8.29]",奇瑞汽车,309,小型SUV,汽油,2023.08,3年或10万公里
捷豹,捷豹XFL,https://p3-dcd.byteimg.com/img/tos-cn-i-dcdx/ff4471d5fe15485abe12491dc23c2c78~tplv-resize:640:0.png,1039,"[25.98, 35.78]",奇瑞捷豹路虎,310,中大型车,汽油,2023.04,3年或10万公里
腾势,腾势N7,https://p3-dcd.byteimg.com/img/tos-cn-i-dcdx/c20f7e65103b4758bbb66f1a595f799c~tplv-resize:640:0.png,1035,"[28.18, 35.98]",腾势汽车,311,中型SUV,纯电动,2023.07,6年或15万公里
北京汽车,魔方,https://p9-dcd.byteimg.com/img/motor-mis-img/6484b5e44861629ef049ac3c1ce3635b~tplv-resize:640:0.png,1030,"[8.99, 12.19]",北京汽车,312,紧凑型SUV,汽油,2023.10,5年或10万公里
荣威,荣威D7 EV,https://p3-dcd.byteimg.com/img/tos-cn-i-dcdx/279198c170654088bb304d89cfc3d72f~tplv-resize:640:0.png,1001,"[14.38, 17.08]",上汽集团,313,中型车,纯电动,2023.11,6年或15万公里
大众,帕萨特PHEV,https://p3-dcd.byteimg.com/img/motor-mis-img/1304ba480eb5fec1b5059baef1a8762d~tplv-resize:640:0.png,1001,"[19.52, 20.41]",上汽大众,314,中型车,插电式混合动力,2022.09,3年或10万公里
日产,劲客,https://p3-dcd.byteimg.com/img/motor-mis-img/504fb3220f62bbc899bbe7bdbdb15d0a~tplv-resize:640:0.png,992,"[8.58, 9.98]",东风日产,315,小型SUV,汽油,2023.07,3年或10万公里
海马,海马8S,https://p3-dcd.byteimg.com/img/motor-mis-img/8e4dd00202765ac67a4ec8eb3c50c73f~tplv-resize:640:0.png,991,"[7.99, 13.69]",海马汽车,316,紧凑型SUV,汽油,2020.06,5年或10万公里
领克,领克01,https://p3-dcd.byteimg.com/img/motor-mis-img/d05b5b5b5508aec61dd06347a6389346~tplv-resize:640:0.png,991,"[14.99, 19.08]",领克,317,紧凑型SUV,油电混合,2022.07,4年或10万公里
本田,雅阁 PHEV,https://p9-dcd.byteimg.com/img/tos-cn-i-dcdx/22cc55c748b24c929e94f9ab5fe5b4f2~tplv-resize:640:0.png,954,"[20.88, 24.18]",广汽本田,318,中型车,插电式混合动力,2023.05,3年或10万公里
smart,smart精灵#3,https://p9-dcd.byteimg.com/img/tos-cn-i-dcdx/ce918680652d4e4db03cb38be9e2e23d~tplv-resize:640:0.png,952,"[20.99, 28.99]",smart,319,紧凑型SUV,纯电动,2023.06,4年或15万公里
本田,本田CR-V PHEV,https://p9-dcd.byteimg.com/img/tos-cn-i-dcdx/0047a45a573a45fcbfe7e58c31d36acd~tplv-resize:640:0.png,951,"[19.79, 24.19]",东风本田,320,紧凑型SUV,插电式混合动力,2023.03,3年或10万公里
奔驰,奔驰EQB,https://p3-dcd.byteimg.com/img/tos-cn-i-dcdx/0ce310756305451683f1d6b201f17352~tplv-resize:640:0.png,921,"[19.54, 27.67]",北京奔驰,321,紧凑型SUV,纯电动,2023.09,3年不限公里
东风风光,风光580,https://p3-dcd.byteimg.com/img/motor-mis-img/81ce7abfa259e4a8e2764f1000f284d5~tplv-resize:640:0.png,916,"[7.99, 12.99]",东风小康,322,中型SUV,汽油,2021.11,7年或15万公里
标致,标致408X,https://p3-dcd.byteimg.com/img/tos-cn-i-dcdx/4211faff193940beab4af0d54f89ec2d~tplv-resize:640:0.png,903,"[14.57, 17.97]",东风标致,323,中型车,汽油,2023.04,5年或15万公里
奥迪,奥迪Q5L Sportback,https://p3-dcd.byteimg.com/img/motor-mis-img/2cc4f8515f1b80e13dab5fa1e84196f9~tplv-resize:640:0.png,896,"[34.9, 40.09]",一汽-大众奥迪,324,中型SUV,汽油,2023.10,3年或10万公里
启辰,启辰大V,https://p9-dcd.byteimg.com/img/tos-cn-i-dcdx/70ada3c249cf4fd69983d811b1e04a39~tplv-resize:640:0.png,893,"[9.48, 11.58]",东风日产,325,紧凑型SUV,汽油,2023.09,3年或10万公里
凯翼,凯翼昆仑,https://p3-dcd.byteimg.com/img/tos-cn-i-dcdx/a385d82599504854a61d9db1639a5daf~tplv-resize:640:0.png,889,"[9.99, 16.99]",凯翼汽车,326,中型SUV,汽油,2023.03,4年或10万公里
林肯,林肯Z,https://p9-dcd.byteimg.com/img/motor-mis-img/bcb66ab6c3d3d01477068d328fe05788~tplv-resize:640:0.png,887,"[23.18, 32.08]",长安林肯,327,中型车,汽油,2022.11,5年或14万公里
吉利汽车,吉利ICON,https://p9-dcd.byteimg.com/img/motor-mis-img/1c4d6a1078cf0ab10fec8126528059d4~tplv-resize:640:0.png,878,"[9.49, 11.49]",吉利汽车,328,小型SUV,汽油,2022.08,4年或10万公里
凌宝汽车,凌宝BOX,https://p9-dcd.byteimg.com/img/motor-mis-img/9d72dc64d09e5287ae96d903ebcc638d~tplv-resize:640:0.png,865,"[3.98, 6.88]",吉麦新能源,329,微型车,纯电动,2024.01,3年或6万公里
红旗,红旗H7,https://p9-dcd.byteimg.com/img/motor-mis-img/78023a6567ddb717ea22b1f44fd9d4d3~tplv-resize:640:0.png,864,"[17.97, 28.88]",一汽红旗,330,中大型车,汽油,2021.03,4年或10万公里
起亚,奕跑,https://p3-dcd.byteimg.com/img/motor-mis-img/3634d1e1b33e9b6c6c8163d55fcca20c~tplv-resize:640:0.png,859,"[6.23, 7.63]",起亚,331,小型SUV,汽油,2021.06,3年或10万公里
极氪,ZEEKR 007,https://p3-dcd.byteimg.com/img/tos-cn-i-dcdx/7b2e691a90dc4bee8b0a230a2e84d1f4~tplv-resize:640:0.png,857,"[20.99, 29.99]",极氪,332,中型车,纯电动,2023.12,4年或10万公里
ARCFOX极狐,极狐 阿尔法T5,https://p3-dcd.byteimg.com/img/tos-cn-i-dcdx/67e354e4850c48c4bd343e14d2fac9c5~tplv-resize:640:0.png,855,"[15.58, 19.98]",北汽新能源,333,中型SUV,纯电动,2023.12,5年或12万公里
长安凯程,欧诺S,https://p9-dcd.byteimg.com/img/motor-mis-img/dbacf2bc8424c00a4805c3713d449f7d~tplv-resize:640:0.png,839,"[4.49, 5.24]",长安轻型车,334,微面,汽油,2022.12,null
五菱汽车,五菱荣光EV,https://p3-dcd.byteimg.com/img/motor-mis-img/02f306472eacfa1680d3211f0d5ee5b1~tplv-resize:640:0.png,830,"[10.58, 11.58]",上汽通用五菱,335,微面,纯电动,2023.09,null
沃尔沃,沃尔沃XC40,https://p3-dcd.byteimg.com/img/motor-mis-img/6a1caf1b4b697cab56088b3ebb92180c~tplv-resize:640:0.png,827,"[21.5, 30]",沃尔沃亚太,336,紧凑型SUV,48V轻混系统,2023.07,3年不限公里
捷途,捷途山海L9,https://p3-dcd.byteimg.com/img/tos-cn-i-dcdx/b9e5ca8991bf4b4e958169de5c91d192~tplv-resize:640:0.png,826,"[16.69, 18.89]",奇瑞汽车,337,中型SUV,插电式混合动力,2023.11,4年或10万公里
哈弗,哈弗H5,https://p9-dcd.byteimg.com/img/tos-cn-i-dcdx/fe308dc65e0c4b218cd26a55fc3b8728~tplv-resize:640:0.png,824,"[12.28, 15.78]",长城汽车,338,大型SUV,汽油,2023.08,3年或10万公里
本田,本田UR-V,https://p3-dcd.byteimg.com/img/tos-cn-i-dcdx/f475084cc3e44000a686ed8f7a955963~tplv-resize:640:0.png,818,"[19.68, 29.98]",东风本田,339,中型SUV,汽油,2023.06,3年或10万公里
大众,探岳X,https://p3-dcd.byteimg.com/img/motor-mis-img/2354614b33fc510dcae00876a4a23d77~tplv-resize:640:0.png,818,"[18.29, 22.29]",一汽-大众,340,中型SUV,汽油,2023.03,3年或10万公里
五菱汽车,五菱征程,https://p3-dcd.byteimg.com/img/motor-mis-img/14a5f4d31b2390bbe29d1e2ed5c86725~tplv-resize:640:0.png,816,"[6.43, 8.53]",上汽通用五菱,341,中大型MPV,汽油,2022.09,3年或6万公里
奥迪,奥迪Q5 e-tron,https://p3-dcd.byteimg.com/img/motor-mis-img/6a288e43d3e85af91ecebda0776126cb~tplv-resize:640:0.png,791,"[26.85, 37.75]",上汽奥迪,342,中大型SUV,纯电动,2023.04,3年或10万公里
长安,锐程PLUS,https://p3-dcd.byteimg.com/img/tos-cn-i-dcdx/6de734d6685c494daee1c10272206263~tplv-resize:640:0.png,787,"[8.49, 10.79]",长安汽车,343,紧凑型车,汽油,2022.09,3年或10万公里
长安,锐程CC,https://p9-dcd.byteimg.com/img/motor-mis-img/2aff6988b0a396a2fe0f26dcd73727b6~tplv-resize:640:0.png,787,"[8.99, 9.79]",长安汽车,344,紧凑型车,汽油,2021.09,3年或10万公里
智界,智界S7,https://p3-dcd.byteimg.com/img/tos-cn-i-dcdx/0e17f8fdf5994a98aab29bf74279e0bf~tplv-resize:640:0.png,784,"[24.98, 34.98]",智界汽车,345,中大型车,纯电动,2023.11,4年或10万公里
沃尔沃,沃尔沃XC60 RECHARGE,https://p3-dcd.byteimg.com/img/motor-mis-img/fc3ab417cc4308639925ee54f86c7419~tplv-resize:640:0.png,776,"[39.09, 46.39]",沃尔沃亚太,346,中型SUV,插电式混合动力,2023.07,3年不限公里
极越,极越01,https://p9-dcd.byteimg.com/img/tos-cn-i-dcdx/6aeec3e3226c44e793dc6c8b3231143d~tplv-resize:640:0.png,774,"[21.99, 30.99]",极越,347,中大型SUV,纯电动,2023.10,4年或10万公里
丰田,丰田C-HR,https://p3-dcd.byteimg.com/img/tos-cn-i-dcdx/b0e1fef05cbb4a33be7c024e82deae95~tplv-resize:640:0.png,773,"[11.78, 15.78]",广汽丰田,348,小型SUV,汽油,2023.03,3年或10万公里
哈弗,哈弗二代大狗PHEV,https://p3-dcd.byteimg.com/img/tos-cn-i-dcdx/d11ce6a2cca84e77aa13a17c6b3e461e~tplv-resize:640:0.png,769,"[15.68, 16.98]",长城汽车,349,中型SUV,插电式混合动力,2023.02,6年或15万公里
吉利汽车,豪越L,https://p3-dcd.byteimg.com/img/tos-cn-i-dcdx/35f4fe1d9d7240879696d2d7774573d5~tplv-resize:640:0.png,756,"[11.49, 14.19]",吉利汽车,350,中型SUV,汽油,2023.11,4年或10万公里
荣威,荣威Ei5,https://p9-dcd.byteimg.com/img/motor-mis-img/f44c223bbfe4ddf0d92ef89139ae89bd~tplv-resize:640:0.png,751,"[15.28, 16.68]",上汽集团,351,紧凑型车,纯电动,2021.03,3年或10万公里
星途,星纪元 ES,https://p3-dcd.byteimg.com/img/tos-cn-i-dcdx/37817ffe81ca4d6e81b819f76acb9970~tplv-resize:640:0.png,740,"[17.88, 31.98]",星途,352,中大型车,纯电动,2024.01,null
北汽制造,锐胜王牌M7,https://p9-dcd.byteimg.com/img/tos-cn-i-dcdx/9ab40d5c662d43be9e3e28282ab17ad7~tplv-resize:640:0.png,736,"[5.88, 13.68]",北京汽车制造厂,353,中大型MPV,汽油,2022.12,3年或6万公里
江铃集团新能源,小麒麟,https://p3-dcd.byteimg.com/img/tos-cn-i-dcdx/d13f128f45534d52b3ea09b9214b96b2~tplv-resize:640:0.png,728,"[4.99, 5.89]",江铃集团新能源,354,微型车,纯电动,2023.08,3年或6万公里
领克,领克09 EM-P,https://p3-dcd.byteimg.com/img/tos-cn-i-dcdx/43d42784c111453bb242b0f9109ddab8~tplv-resize:640:0.png,714,"[28.79, 34.78]",领克,355,中大型SUV,插电式混合动力,2024.01,5年或10万公里
魏牌,高山,https://p3-dcd.byteimg.com/img/tos-cn-i-dcdx/e103bde0f6544d958a6284658161c38f~tplv-resize:640:0.png,713,"[33.58, 40.58]",长城汽车,356,中大型MPV,插电式混合动力,2023.10,6年或15万公里
奔驰,奔驰EQE,https://p9-dcd.byteimg.com/img/motor-mis-img/4ea57237b66d26a84ae6dcc9adc0af6f~tplv-resize:640:0.png,712,"[33.66, 39.29]",北京奔驰,357,中大型车,纯电动,2022.08,3年不限公里
极石汽车,极石01,https://p3-dcd.byteimg.com/img/tos-cn-i-dcdx/e61b5702879c422bb768326b2b69a896~tplv-resize:640:0.png,686,"[34.99, 35.99]",北京汽车制造厂,358,中大型SUV,增程式,2023.08,5年或10万公里
起亚,智跑,https://p3-dcd.byteimg.com/img/motor-mis-img/93ee7cb27ef156bcbacc11dc008960e1~tplv-resize:640:0.png,682,"[11.32, 13.12]",起亚,359,紧凑型SUV,汽油,2021.07,5年或10万公里
丰田,亚洲狮,https://p9-dcd.byteimg.com/img/motor-mis-img/425ce00970c41af596f5fb6d21b7fed9~tplv-resize:640:0.png,677,"[11.18, 14.98]",一汽丰田,360,紧凑型车,汽油,2023.05,3年或10万公里
丰田,凌尚,https://p3-dcd.byteimg.com/img/motor-mis-img/66e6bc900e196b8ffdb72e07bfe2b18e~tplv-resize:640:0.png,666,"[10.58, 13.48]",广汽丰田,361,紧凑型车,汽油,2023.03,3年或10万公里
马自达,马自达CX-50行也,https://p3-dcd.byteimg.com/img/tos-cn-i-dcdx/cd69fe0e126842e7ac2d6c942972143f~tplv-resize:640:0.png,664,"[15.98, 23.98]",长安马自达,362,紧凑型SUV,汽油,2023.05,3年或10万公里
福特,领裕,https://p3-dcd.byteimg.com/img/tos-cn-i-dcdx/af5d7d24a04348fa954883a25310b018~tplv-resize:640:0.png,660,"[15.88, 20.68]",江铃福特,363,中大型SUV,汽油,2023.02,3年或10万公里
SWM斯威汽车,斯威G05,https://p9-dcd.byteimg.com/img/tos-cn-i-dcdx/c925af638a1c4f7fb547993f1c3de73e~tplv-resize:640:0.png,647,"[8.69, 12.98]",SWM斯威汽车,364,中型SUV,汽油,2023.01,3年或6万公里
上汽大通MAXUS,大通G10,https://p9-dcd.byteimg.com/img/motor-mis-img/0278cd781f8003a738f78e3a89038863~tplv-resize:640:0.png,646,"[12.08, 18.58]",上汽大通,365,中大型MPV,汽油,2023.03,3年或6万公里
星途,星途追风,https://p3-dcd.byteimg.com/img/tos-cn-i-dcdx/04e86b0d24e647f6ae1fae3ef6b32be3~tplv-resize:640:0.png,640,"[10.29, 16.99]",星途,366,紧凑型SUV,汽油,2023.09,3年或10万公里
睿蓝汽车,睿蓝7,https://p9-dcd.byteimg.com/img/tos-cn-i-dcdx/64fcc4a61921451a92fba19edd358d41~tplv-resize:640:0.png,636,"[11.77, 17.37]",睿蓝汽车,367,紧凑型SUV,纯电动,2023.09,6年或15万公里
江淮瑞风,瑞风M3,https://p9-dcd.byteimg.com/img/motor-mis-img/84b7fe67cf859ba3a518ab0d3d3bf073~tplv-resize:640:0.png,633,"[6.48, 12.79]",江汽集团,368,紧凑型MPV,油电混合,2023.12,3年或10万公里
捷豹,捷豹XEL,https://p3-dcd.byteimg.com/img/tos-cn-i-dcdx/738f5783073047c080a6da837c236b97~tplv-resize:640:0.png,633,"[21.98, 26.18]",奇瑞捷豹路虎,369,中型车,汽油,2023.10,3年或10万公里
腾势,腾势D9 EV,https://p3-dcd.byteimg.com/img/tos-cn-i-dcdx/7751ba552d384a5aa57d20cc58876b29~tplv-resize:640:0.png,629,"[39.58, 46.58]",腾势汽车,370,中大型MPV,纯电动,2022.08,6年或15万公里
别克,昂科旗,https://p9-dcd.byteimg.com/img/motor-mis-img/bc901ffc4cc27ad809db884987ea9edc~tplv-resize:640:0.png,617,"[24.49, 30.49]",上汽通用别克,371,中大型SUV,48V轻混系统,2021.08,3年或10万公里
凯迪拉克,凯迪拉克XT6,https://p3-dcd.byteimg.com/img/motor-mis-img/6d647af5a9e836b52664a4b0e679b4ea~tplv-resize:640:0.png,613,"[33.77, 47.77]",上汽通用凯迪拉克,372,中大型SUV,48V轻混系统,2021.08,3年不限公里
荣威,CLEVER,https://p3-dcd.byteimg.com/img/motor-mis-img/0df783917aab490ada07cd607aa9dedf~tplv-resize:640:0.png,612,"[5.99, 5.99]",上汽集团,373,微型车,纯电动,2022.03,3年或10万公里
东风风光,风光500,https://p3-dcd.byteimg.com/img/motor-mis-img/e70c2c39ab8b0a1e6e4d38c67e96c92f~tplv-resize:640:0.png,607,"[6.18, 8.58]",东风小康,374,紧凑型SUV,汽油,2021.08,7年或15万公里
雪佛兰,探界者,https://p3-dcd.byteimg.com/img/motor-mis-img/d0cade284d533a6e482e19d58e728e01~tplv-resize:640:0.png,605,"[13.99, 19.49]",上汽通用雪佛兰,375,中型SUV,汽油,2023.05,3年或10万公里
东风风光,风光MINIEV,https://p3-dcd.byteimg.com/img/motor-mis-img/d7c240b7c803e1ce776dddab51d26248~tplv-resize:640:0.png,595,"[3.26, 5.91]",东风小康,376,微型车,纯电动,2022.03,3年或10万公里
雪佛兰,开拓者,https://p9-dcd.byteimg.com/img/motor-mis-img/87022b02e646f4a4204f2cb8f323d5ca~tplv-resize:640:0.png,586,"[19.49, 26.69]",上汽通用雪佛兰,377,中大型SUV,48V轻混系统,2023.07,3年或10万公里
大众,ID.6 X,https://p3-dcd.byteimg.com/img/motor-mis-img/bc5400d7759589d05ac39a0f52362327~tplv-resize:640:0.png,580,"[21.29, 27.94]",上汽大众,378,中大型SUV,纯电动,2023.04,3年或10万公里
大众,ID.6 CROZZ,https://p3-dcd.byteimg.com/img/tos-cn-i-dcdx/bfe72d8d82e24fab93410c6b07179b38~tplv-resize:640:0.png,575,"[19.59, 27.39]",一汽-大众,379,中大型SUV,纯电动,2023.09,3年或10万公里
大运,远志M1,https://p3-dcd.byteimg.com/img/motor-mis-img/1391df865bb70731fc6a7ad8cce7f124~tplv-resize:640:0.png,570,"[17.78, 28.88]",大运汽车,380,中型MPV,纯电动,2023.11,3年或12万公里
长安,长安UNI-K 智电iDD,https://p3-dcd.byteimg.com/img/tos-cn-i-dcdx/f7960d1c00c644449d528cf7b5d922ec~tplv-resize:640:0.png,570,"[17.29, 21.59]",长安汽车,381,中型SUV,插电式混合动力,2024.01,3年或12万公里
长安,长安UNI-V 智电iDD,https://p3-dcd.byteimg.com/img/tos-cn-i-dcdx/6ac66805601f4925995bbfd2f85e2af4~tplv-resize:640:0.png,560,"[12.99, 14.29]",长安汽车,382,紧凑型车,插电式混合动力,2023.02,3年或12万公里
合创汽车,合创V09,https://p9-dcd.byteimg.com/img/tos-cn-i-dcdx/7326212aa38e48f4983959b242a74c05~tplv-resize:640:0.png,555,"[31.88, 43.88]",合创汽车,383,中大型MPV,纯电动,2023.10,6年或15万公里
斯柯达,柯米克GT,https://p3-dcd.byteimg.com/img/motor-mis-img/b107ac26e249c23a271698a4c770fb62~tplv-resize:640:0.png,548,"[11.99, 11.99]",上汽大众斯柯达,384,小型SUV,汽油,2023.11,3年或10万公里
捷豹,捷豹E-PACE,https://p3-dcd.byteimg.com/img/tos-cn-i-dcdx/1e15311a8df14f7b9e95bdbc308c9eb1~tplv-resize:640:0.png,548,"[17.38, 22.1]",奇瑞捷豹路虎,385,紧凑型SUV,48V轻混系统,2023.08,3年或10万公里
红旗,红旗HS7,https://p9-dcd.byteimg.com/img/tos-cn-i-dcdx/d88db156ed514c43a111d5f57a4e797d~tplv-resize:640:0.png,547,"[25.58, 33.58]",一汽红旗,386,中大型SUV,48V轻混系统,2023.08,4年或10万公里
吉利几何,吉利几何A,https://p3-dcd.byteimg.com/img/motor-mis-img/ef638ed8ed491bd5bb2a12337d91faa9~tplv-resize:640:0.png,547,"[10.98, 19.78]",吉利几何,387,紧凑型车,纯电动,2023.08,4年或15万公里
五菱汽车,五菱星云,https://p9-dcd.byteimg.com/img/tos-cn-i-dcdx/8e1e7ccb63a5461ca752b715b97dcba2~tplv-resize:640:0.png,544,"[7.68, 9.28]",上汽通用五菱,388,紧凑型SUV,油电混合,2023.09,3年或10万公里
东风风行,风行T5,https://p9-dcd.byteimg.com/img/motor-mis-img/f064dda2650019f6c0ba1e1f1a96135c~tplv-resize:640:0.png,541,"[5.99, 13.49]",东风风行,389,紧凑型SUV,汽油,2023.11,8年或16万公里
大众,探影,https://p3-dcd.byteimg.com/img/motor-mis-img/1f13ff8a44ab52143390f45ff0a7b8b5~tplv-resize:640:0.png,540,"[7.89, 12.39]",一汽-大众,390,小型SUV,汽油,2023.09,3年或10万公里
江淮汽车,江淮A5 PLUS,https://p9-dcd.byteimg.com/img/tos-cn-i-dcdx/e5430a14461b4eb6abff5a4265b9dd3a~tplv-resize:640:0.png,537,"[6.28, 13.68]",江汽集团,391,紧凑型车,汽油,2023.06,3年或10万公里
北汽制造,元宝,https://p3-dcd.byteimg.com/img/motor-mis-img/99bb51329fafa5120ad763c8e97a3c22~tplv-resize:640:0.png,536,"[2.97, 5.19]",北京汽车制造厂,392,微型车,纯电动,2023.03,3年或10万公里
奇瑞新能源,艾瑞泽e,https://p3-dcd.byteimg.com/img/motor-mis-img/801fac00fa4a0818fc25e1fc20372dda~tplv-resize:640:0.png,534,"[15.28, 15.78]",奇瑞新能源,393,紧凑型车,纯电动,2023.08,1年或12万公里
智己汽车,智己LS7,https://p3-dcd.byteimg.com/img/tos-cn-i-dcdx/54f6f3a1df194fefb451ad6404921f0a~tplv-resize:640:0.png,532,"[27.98, 44.98]",智己汽车,394,中大型SUV,纯电动,2023.06,5年或15万公里
奔驰,奔驰GLA,https://p9-dcd.byteimg.com/img/tos-cn-i-dcdx/f5250605939847669751019a51b8cf19~tplv-resize:640:0.png,523,"[18.49, 26.36]",北京奔驰,395,紧凑型SUV,汽油,2023.11,3年不限公里
中国重汽VGV,VGV U70Pro,https://p3-dcd.byteimg.com/img/tos-cn-i-dcdx/0e43fe1bec5648d3bbedddad25f4e46d~tplv-resize:640:0.png,510,"[7.78, 11.58]",中国重汽VGV,396,中型SUV,汽油,2022.10,7年或15万公里
江淮钇为,钇为3,https://p3-dcd.byteimg.com/img/tos-cn-i-dcdx/d3b291d46e574b7db4455249b26a1887~tplv-resize:640:0.png,509,"[8.99, 12.59]",江汽集团,397,小型车,纯电动,2023.06,null
奥迪,奥迪Q6,https://p3-dcd.byteimg.com/img/motor-mis-img/f2c6590230ea9e5dafc638dfb7091ab0~tplv-resize:640:0.png,507,"[43.96, 57.56]",上汽奥迪,398,中大型SUV,汽油,2024.01,3年或10万公里
SWM斯威汽车,斯威G01,https://p9-dcd.byteimg.com/img/motor-mis-img/ebaf0a6393b02410b033ae200675abdc~tplv-resize:640:0.png,504,"[26.98, 26.98]",SWM斯威汽车,399,紧凑型SUV,汽油,2022.09,3年或6万公里
凯迪拉克,凯迪拉克CT6,https://p9-dcd.byteimg.com/img/tos-cn-i-dcdx/1effd18860ed46a9873ed3b7e2552f7b~tplv-resize:640:0.png,503,"[32.47, 42.47]",上汽通用凯迪拉克,400,中大型车,汽油,2023.05,3年不限公里
标致,标致5008,https://p3-dcd.byteimg.com/img/motor-mis-img/1c52368ba37e8b4015e2014021d98abd~tplv-resize:640:0.png,501,"[17.77, 23.37]",东风标致,401,中型SUV,汽油,2022.11,5年或15万公里
荣威,荣威eRX5,https://p9-dcd.byteimg.com/img/tos-cn-i-dcdx/e6c1c61db1b244cd87614a65ebe5ac0e~tplv-resize:640:0.png,495,"[12.79, 16.28]",上汽集团,402,紧凑型SUV,插电式混合动力,2022.08,3年或10万公里
五菱汽车,凯捷Victory,https://p9-dcd.byteimg.com/img/motor-mis-img/5fff844965c8fbb2cb26be058db9e276~tplv-resize:640:0.png,493,"[7.58, 13.98]",上汽通用五菱,403,紧凑型MPV,汽油,2023.11,3年或10万公里
丰田,奕泽IZOA,https://p3-dcd.byteimg.com/img/motor-mis-img/032f79481ca76533e7a56d98770ad4e3~tplv-resize:640:0.png,477,"[11.98, 15.98]",一汽丰田,404,小型SUV,汽油,2023.05,3年或10万公里
凌宝汽车,凌宝Uni,https://p3-dcd.byteimg.com/img/motor-mis-img/f0549e706e22b4bef069b9e470c55ff3~tplv-resize:640:0.png,473,"[2.98, 4.18]",吉麦新能源,405,微型车,纯电动,2023.03,3年或10万公里
荣威,荣威RX9,https://p3-dcd.byteimg.com/img/tos-cn-i-dcdx/7118e0bee36049a283022e08e4995b36~tplv-resize:640:0.png,471,"[17.58, 24.38]",上汽集团,406,中大型SUV,汽油,2023.03,3年或10万公里
奥迪,奥迪Q3 Sportback,https://p3-dcd.byteimg.com/img/tos-cn-i-dcdx/5bcc38dbfe224058a45bfccef3d561c4~tplv-resize:640:0.png,469,"[22.82, 28.22]",一汽-大众奥迪,407,紧凑型SUV,汽油,2023.08,3年或10万公里
哈弗,哈弗H9,https://p3-dcd.byteimg.com/img/motor-mis-img/f4d73dc8d64af9db71aa8ab11543b329~tplv-resize:640:0.png,466,"[20.98, 27.48]",长城汽车,408,中大型SUV,汽油,2021.09,3年或10万公里
蔚来,蔚来ET7,https://p3-dcd.byteimg.com/img/tos-cn-i-dcdx/92006669007e4306aca312150cf83bff~tplv-resize:640:0.png,466,"[42.8, 50.6]",蔚来,409,中大型车,纯电动,2023.04,3年或12万公里
大众,途观L PHEV,https://p3-dcd.byteimg.com/img/motor-mis-img/78839f72969927901241f358c5115d2c~tplv-resize:640:0.png,459,"[22.61, 23.7]",上汽大众,410,中型SUV,插电式混合动力,2022.08,3年或10万公里
林肯,飞行家,https://p3-dcd.byteimg.com/img/motor-mis-img/ad53b550ad2645d145836079677486ca~tplv-resize:640:0.png,458,"[48.88, 75.38]",长安林肯,411,中大型SUV,汽油,2023.09,5年或14万公里
日产,ARIYA 艾睿雅,https://p9-dcd.byteimg.com/img/motor-mis-img/c16b1a2dfa6203ff91b2a3d20e20bceb~tplv-resize:640:0.png,450,"[14.99, 22.79]",东风日产,412,紧凑型SUV,纯电动,2023.07,3年或10万公里
宝马,宝马5系PHEV,https://p9-dcd.byteimg.com/img/tos-cn-i-dcdx/8521fc33fb8d466b877428ce30a763db~tplv-resize:640:0.png,446,"[43.3, 46.45]",华晨宝马,413,中大型车,插电式混合动力,2022.08,3年或10万公里
奔腾,奔腾M9,https://p9-dcd.byteimg.com/img/tos-cn-i-dcdx/87923bd1a148439abd86c047bdd7dc6d~tplv-resize:640:0.png,442,"[22.98, 24.98]",一汽奔腾,414,中大型MPV,48V轻混系统,2023.04,3年或10万公里
宝马,宝马iX1,https://p3-dcd.byteimg.com/img/tos-cn-i-dcdx/95a97101ab9a485e88774be29273a9ea~tplv-resize:640:0.png,441,"[23.11, 29.98]",华晨宝马,415,null,null,null,null
高合,高合HiPhi Y,https://p3-dcd.byteimg.com/img/tos-cn-i-dcdx/02a6f8405b524d1a93e0369ea420f578~tplv-resize:640:0.png,439,"[33.9, 45.9]",华人运通,416,中大型SUV,纯电动,2023.07,5年或15万公里
昊铂,昊铂GT,https://p9-dcd.byteimg.com/img/tos-cn-i-dcdx/9e69c314c8674619b07ab21da1c9f31b~tplv-resize:640:0.png,435,"[21.99, 33.99]",广汽埃安新能源,417,中大型车,纯电动,2023.07,null
凯迪拉克,IQ锐歌,https://p9-dcd.byteimg.com/img/tos-cn-i-dcdx/5b605a25ad8a418bb3cdadd026658e20~tplv-resize:640:0.png,431,"[29.77, 41.97]",上汽通用凯迪拉克,418,中大型SUV,纯电动,2023.11,2年或5万公里
上汽大通MAXUS,大家9,https://p9-dcd.byteimg.com/img/motor-mis-img/149f3cd713fb650b0414ba133fad555a~tplv-resize:640:0.png,430,"[26.99, 41.99]",上汽大通,419,中大型MPV,纯电动,2023.06,3年或10万公里
江铃集团新能源,羿,https://p3-dcd.byteimg.com/img/motor-mis-img/c53f4e31b5bc85aa0d8c14dec47cac09~tplv-resize:640:0.png,409,"[11.88, 19.98]",江铃集团新能源,420,紧凑型车,纯电动,2023.02,3年或6万公里
岚图,岚图梦想家 EV,https://p9-dcd.byteimg.com/img/motor-mis-img/f555a18ac28d80c7e938d27b137da439~tplv-resize:640:0.png,406,"[36.99, 68.99]",岚图汽车,421,中大型MPV,纯电动,2023.12,5年或10万公里
沃尔沃,沃尔沃S90 RECHARGE,https://p3-dcd.byteimg.com/img/motor-mis-img/30c75f1e8d46ba045e0078395194ddb8~tplv-resize:640:0.png,405,"[37.99, 46.89]",沃尔沃亚太,422,中大型车,插电式混合动力,2023.06,3年不限公里
名爵,MG6,https://p3-dcd.byteimg.com/img/tos-cn-i-dcdx/394b1cd9e0fd48bd983858c13464536c~tplv-resize:640:0.png,404,"[9.48, 11.38]",上汽集团,423,紧凑型车,汽油,2023.04,3年或10万公里
创维汽车,创维HT-i,https://p3-dcd.byteimg.com/img/motor-mis-img/7f6a5a194cb36018cb6e25a5f1a0b9e9~tplv-resize:640:0.png,400,"[12.98, 31.68]",创维汽车,424,中型SUV,插电式混合动力,2023.12,5年或15万公里
岚图,岚图追光,https://p9-dcd.byteimg.com/img/tos-cn-i-dcdx/45e0ac325fd04a4e8b1ce482ce1be56e~tplv-resize:640:0.png,399,"[32.29, 38.59]",岚图汽车,425,中大型车,纯电动,2023.04,5年或10万公里
欧拉,欧拉芭蕾猫,https://p9-dcd.byteimg.com/img/motor-mis-img/0bedfedf47aa941755f9ae70f4b0233b~tplv-resize:640:0.png,397,"[14.98, 17.98]",长城汽车,426,紧凑型车,纯电动,2023.04,4年或15万公里
斯柯达,速派,https://p3-dcd.byteimg.com/img/motor-mis-img/2b48a7e90d9cc764cb4828a3de87e1f4~tplv-resize:640:0.png,395,"[17.49, 19.49]",上汽大众斯柯达,427,中型车,汽油,2023.11,3年或10万公里
东风风光,风光380,https://p3-dcd.byteimg.com/img/motor-mis-img/e87c65ae4c1e522f6a6e6c7eb2ed110d~tplv-resize:640:0.png,395,"[5.28, 6.08]",东风小康,428,微面,汽油,2022.06,3年或6万公里
曹操汽车,曹操60,https://p9-dcd.byteimg.com/img/tos-cn-i-dcdx/d25c6d42c41f4df7be164b6df938d985~tplv-resize:640:0.png,392,"[11.98, 15.58]",曹操汽车,429,紧凑型车,纯电动,2023.03,null
江铃集团新能源,易至EV3,https://p3-dcd.byteimg.com/img/tos-cn-i-dcdx/85b368807a6e4a4384b8b605eebe55bf~tplv-resize:640:0.png,386,"[5.28, 8.28]",江铃集团新能源,430,微型车,纯电动,2023.10,3年或6万公里
东风风行,风行T5 EVO,https://p9-dcd.byteimg.com/img/tos-cn-i-dcdx/6be1a593a1ee4ab4b742d25602fa2f8f~tplv-resize:640:0.png,381,"[9.49, 13.49]",东风风行,431,紧凑型SUV,汽油,2023.05,8年或16万公里
斯柯达,柯珞克,https://p3-dcd.byteimg.com/img/motor-mis-img/f2176b645be4a6b2cb11efbd76de5b0f~tplv-resize:640:0.png,370,"[14.99, 15.89]",上汽大众斯柯达,432,紧凑型SUV,汽油,2023.10,3年或10万公里
蔚来,蔚来EC7,https://p3-dcd.byteimg.com/img/tos-cn-i-dcdx/885a4f39f1d84a7aadde3c114219c1dd~tplv-resize:640:0.png,368,"[45.8, 54.8]",蔚来,433,中大型SUV,纯电动,2022.12,3年或12万公里
本田,皓影 PHEV,https://p3-dcd.byteimg.com/img/tos-cn-i-dcdx/fede19012b59405dbaf2cb12c3700cc0~tplv-resize:640:0.png,368,"[20.38, 24.49]",广汽本田,434,紧凑型SUV,插电式混合动力,2023.06,3年或10万公里
江淮汽车,江淮QX PHEV,https://p9-dcd.byteimg.com/img/tos-cn-i-dcdx/5901534bebac4251a0136474f5411173~tplv-resize:640:0.png,360,"[12.69, 19.39]",江汽集团,435,紧凑型SUV,插电式混合动力,2023.09,3年或10万公里
雪铁龙,天逸 C5 AIRCROSS,https://p3-dcd.byteimg.com/img/tos-cn-i-dcdx/c93b0bba962f40328e628f302b03c6d6~tplv-resize:640:0.png,359,"[14.77, 16.47]",东风雪铁龙,436,紧凑型SUV,汽油,2023.08,5年或15万公里
起亚,起亚EV5,https://p3-dcd.byteimg.com/img/tos-cn-i-dcdx/8c0e92457a3c418d96d170d35af6afd6~tplv-resize:640:0.png,347,"[14.98, 17.48]",起亚,437,紧凑型SUV,纯电动,2023.11,5年或10万公里
凯翼,炫界Pro EV,https://p9-dcd.byteimg.com/img/motor-mis-img/297b50a8f659602e2fd62223e67c0c2a~tplv-resize:640:0.png,346,"[11.99, 17.66]",凯翼汽车,438,紧凑型SUV,纯电动,2023.09,3年或10万公里
坦克,坦克500,https://p3-dcd.byteimg.com/img/tos-cn-i-dcdx/5000e8f30e924e12a70153d236ad1d89~tplv-resize:640:0.png,345,"[33.5, 39.5]",长城汽车,439,中大型SUV,48V轻混系统,2023.03,5年或15万公里
标致,标致508L,https://p9-dcd.byteimg.com/img/tos-cn-i-dcdx/e3b8a7573b784ab388129d474b434366~tplv-resize:640:0.png,340,"[15.87, 20.27]",东风标致,440,中型车,汽油,2023.08,5年或15万公里
长安启源,长安启源Q05,https://p9-dcd.byteimg.com/img/tos-cn-i-dcdx/d89973a091064602a82752ce8274ef5a~tplv-resize:640:0.png,338,"[10.79, 13.79]",长安启源,441,紧凑型SUV,插电式混合动力,2023.12,3年或15万公里
凯迪拉克,凯迪拉克CT4,https://p9-dcd.byteimg.com/img/tos-cn-i-dcdx/5312e1be61924f1988aaf45a2d8bfbb0~tplv-resize:640:0.png,336,"[18.47, 22.47]",上汽通用凯迪拉克,442,中型车,汽油,2022.11,3年不限里程
福特,途睿欧,https://p9-dcd.byteimg.com/img/tos-cn-i-dcdx/14c65fe6c78648d98181e94d165541f1~tplv-resize:640:0.png,331,"[21.96, 24.3]",江铃福特,443,中型MPV,汽油,2023.04,3年或6万公里
东风风光,风光ix5,https://p3-dcd.byteimg.com/img/motor-mis-img/9519498106439cdc90e3620b34127cfb~tplv-resize:640:0.png,308,"[9.98, 16.59]",东风小康,444,中型SUV,汽油,2022.05,7年或15万公里
福特,福特电马,https://p9-dcd.byteimg.com/img/tos-cn-i-dcdx/7b88c973a0d548a38057e70ecc07c08e~tplv-resize:640:0.png,302,"[23.98, 35.98]",长安福特,445,中型SUV,纯电动,2023.12,4年或10万公里
创维汽车,创维EV6,https://p9-dcd.byteimg.com/img/motor-mis-img/3554aee6c3f5a8b250f11db8e1b1af84~tplv-resize:640:0.png,300,"[15.68, 32.98]",创维汽车,446,中型SUV,纯电动,2023.04,5年或15万公里
中国重汽VGV,VGV U75PLUS,https://p9-dcd.byteimg.com/img/motor-mis-img/c30c48c306250df3a43cadc2f2de9613~tplv-resize:640:0.png,282,"[11.79, 18.68]",中国重汽VGV,447,中型SUV,汽油,2023.10,7年或15万公里
荣威,荣威iMAX8 EV,https://p3-dcd.byteimg.com/img/motor-mis-img/9939c7a9f9fe0f62a15eb3c074b52123~tplv-resize:640:0.png,280,"[25.98, 35.98]",上汽集团,448,中大型MPV,纯电动,2022.08,6年或15万公里
本田,本田LIFE,https://p3-dcd.byteimg.com/img/tos-cn-i-dcdx/be382f51ae294caca8a0db835819303a~tplv-resize:640:0.png,270,"[7.78, 9.28]",东风本田,449,小型车,汽油,2023.01,3年或10万公里
奔腾,奔腾T77,https://p3-dcd.byteimg.com/img/tos-cn-i-dcdx/208b41b8440a4604b8b663b5a81cfae1~tplv-resize:640:0.png,270,"[10.48, 11.38]",一汽奔腾,450,紧凑型SUV,汽油,2022.12,3年或10万公里
名爵,MG ONE,https://p9-dcd.byteimg.com/img/tos-cn-i-dcdx/6aca48597c4c478195acd0dbcee6aa10~tplv-resize:640:0.png,269,"[9.98, 13.08]",上汽集团,451,紧凑型SUV,汽油,2023.07,3年或10万公里
蔚来,蔚来ES7,https://p3-dcd.byteimg.com/img/tos-cn-i-dcdx/03f85ad23b75470aa2c6b8fc43fc8c11~tplv-resize:640:0.png,266,"[43.8, 51.8]",蔚来,452,中大型SUV,纯电动,2022.06,3年或12万公里
东风富康,e爱丽舍,https://p9-dcd.byteimg.com/img/motor-mis-img/9ceefa4a99be7a2c74240137c1d04568~tplv-resize:640:0.png,248,"[12.98, 13.98]",神龙汽车,453,紧凑型车,纯电动,2021.03,3年或12万公里
荣威,荣威iMAX8,https://p3-dcd.byteimg.com/img/tos-cn-i-dcdx/6db94c2ed63e49d6a42eba931d90c2c0~tplv-resize:640:0.png,243,"[18.58, 25.58]",上汽集团,454,中大型MPV,汽油,2023.03,3年或10万公里
思皓,思皓爱跑,https://p3-dcd.byteimg.com/img/motor-mis-img/076bc948f11dbcfec71b9f42df8a364d~tplv-resize:640:0.png,232,"[14.69, 17.69]",江汽集团,455,紧凑型车,纯电动,2022.07,3年或12万公里
雪佛兰,星迈罗,https://p9-dcd.byteimg.com/img/tos-cn-i-dcdx/8872eb50f9e04be1b5b3314e99ffbca7~tplv-resize:640:0.png,232,"[11.19, 13.49]",上汽通用雪佛兰,456,紧凑型SUV,汽油,2023.07,3年或10万公里
东风风行,风行游艇,https://p3-dcd.byteimg.com/img/motor-mis-img/85a0e84f644c302002af793cd2b3584a~tplv-resize:640:0.png,232,"[10.99, 15.69]",东风风行,457,中型MPV,汽油,2023.10,8年或16万公里
哈弗,哈弗赤兔,https://p9-dcd.byteimg.com/img/motor-mis-img/e7839b650abba0c7b787aa48aa248b4f~tplv-resize:640:0.png,229,"[8.28, 12.88]",长城汽车,458,紧凑型SUV,汽油,2023.04,3年或10万公里
小鹏汽车,小鹏G3,https://p9-dcd.byteimg.com/img/motor-mis-img/5fe645aae83133a591bb27313ec66986~tplv-resize:640:0.png,227,"[13.89, 16.69]",小鹏汽车,459,紧凑型SUV,纯电动,2022.09,4年或10万公里
吉利几何,吉利几何G6,https://p3-dcd.byteimg.com/img/tos-cn-i-dcdx/2aa2a7143c4c4d849d972ea8ee260ca2~tplv-resize:640:0.png,227,"[11.98, 18.28]",吉利几何,460,紧凑型车,纯电动,2023.09,4年或12万公里
东风风行,风行S50 EV,https://p9-dcd.byteimg.com/img/motor-mis-img/7dc51c86c5c6d2541cadc95dcf4aa5d0~tplv-resize:640:0.png,223,"[13.79, 16.99]",东风风行,461,紧凑型车,纯电动,2023.08,8年或16万公里
北汽制造,212,https://p3-dcd.byteimg.com/img/motor-mis-img/67c16da18ac7c40273f8f3bda591f283~tplv-resize:640:0.png,219,"[9.89, 10.49]",北京汽车制造厂,462,小型SUV,汽油,2023.09,3年或6万公里
大众,ID.7 VIZZION,https://p3-dcd.byteimg.com/img/tos-cn-i-dcdx/50e5da5e24964749879a38178c98d018~tplv-resize:640:0.png,217,"[22.78, 26.28]",一汽-大众,463,中型车,纯电动,2023.12,3年或10万公里
东风风行,菱智M5 EV,https://p3-dcd.byteimg.com/img/motor-mis-img/15d17f467e2b685be5487fe2fcad8df9~tplv-resize:640:0.png,215,"[12.49, 18.19]",东风风行,464,中型MPV,纯电动,2023.11,5年或10万公里
本田,凌派,https://p9-dcd.byteimg.com/img/motor-mis-img/0177f23b0d8ce46f98fdd1a0c442f875~tplv-resize:640:0.png,213,"[9.48, 14.48]",广汽本田,465,紧凑型车,汽油,2023.05,3年或10万公里
吉利几何,帝豪EV,https://p3-dcd.byteimg.com/img/motor-mis-img/0fd8b1fa3b9415afad38741c159dd3e5~tplv-resize:640:0.png,213,"[14.68, 15.68]",吉利几何,466,紧凑型车,纯电动,2022.08,1年或15万公里
五菱汽车,五菱Air ev晴空,https://p3-dcd.byteimg.com/img/tos-cn-i-dcdx/8c27ef5a5a234a1d8d74da44fb388893~tplv-resize:640:0.png,213,"[5.28, 6.48]",上汽通用五菱,467,微型车,纯电动,2022.12,3年或10万公里
魏牌,摩卡DHT-PHEV,https://p3-dcd.byteimg.com/img/tos-cn-i-dcdx/cd89d1fdd41e40d49d633e182ad7e81c~tplv-resize:640:0.png,207,"[21.18, 21.18]",长城汽车,468,中型SUV,插电式混合动力,2023.06,5年或15万公里
起亚,起亚K5,https://p3-dcd.byteimg.com/img/motor-mis-img/b9d80160c481012488835c2bfca2444c~tplv-resize:640:0.png,202,"[13.14, 17.54]",起亚,469,中型车,汽油,2021.08,可选:[3年或15万公里] [5年或10万公里] [7年或7万公里]
合创汽车,合创Z03,https://p3-dcd.byteimg.com/img/tos-cn-i-dcdx/966f8986005d4b1e9b62bd3bc3231f39~tplv-resize:640:0.png,202,"[13.48, 18.28]",合创汽车,470,紧凑型SUV,纯电动,2022.04,4年或15万公里
现代,胜达,https://p3-dcd.byteimg.com/img/tos-cn-i-dcdx/93ce5f6174c449f099444ed9b1536bc1~tplv-resize:640:0.png,202,"[16.78, 23.48]",北京现代,471,中型SUV,汽油,2022.09,5年/10万公里或7年/7万公里或3年/15万公里
大众,探岳GTE,https://p3-dcd.byteimg.com/img/motor-mis-img/aac0f155b2015c4933cda7ea9afec655~tplv-resize:640:0.png,192,"[17.29, 18.29]",一汽-大众,472,中型SUV,插电式混合动力,2023.09,3年或10万公里
雪佛兰,雪佛兰畅巡,https://p9-dcd.byteimg.com/img/motor-mis-img/017ffe70e741c3fe352de81cc84795ce~tplv-resize:640:0.png,189,"[14.49, 17.79]",上汽通用雪佛兰,473,紧凑型车,纯电动,2023.06,3年或10万公里
本田,英仕派 PHEV,https://p3-dcd.byteimg.com/img/tos-cn-i-dcdx/2bf120cedd91403a856299dadaaa5cb8~tplv-resize:640:0.png,187,"[20.98, 23.88]",东风本田,474,中型车,插电式混合动力,2023.07,3年或10万公里
英菲尼迪,英菲尼迪QX60,https://p3-dcd.byteimg.com/img/motor-mis-img/7a627875ede9d3e13c79a4c4218a2d4a~tplv-resize:640:0.png,182,"[32.88, 54.98]",东风英菲尼迪,475,中大型SUV,汽油,2023.11,4年或10万公里
长安启源,长安启源A06,https://p3-dcd.byteimg.com/img/tos-cn-i-dcdx/1cc1c5767ddb4643adab81400ce0a4ef~tplv-resize:640:0.png,181,"[0, 0]",长安启源,476,紧凑型车,插电式混合动力,null,null
吉利汽车,嘉际,https://p3-dcd.byteimg.com/img/motor-mis-img/12f90200776b44d685dea401a47dc7e6~tplv-resize:640:0.png,179,"[11.38, 13.68]",吉利汽车,477,紧凑型MPV,汽油,2022.09,4年或10万公里
奔驰,奔驰EQA,https://p9-dcd.byteimg.com/img/motor-mis-img/479c2d42a3fdaafed831cd8b668c751e~tplv-resize:640:0.png,179,"[20, 20]",北京奔驰,478,紧凑型SUV,纯电动,2023.03,3年不限公里
现代,索纳塔,https://p9-dcd.byteimg.com/img/tos-cn-i-dcdx/9d6d54839e6846ef9a26c1c66cc68d61~tplv-resize:640:0.png,178,"[14.48, 17.88]",北京现代,479,中型车,汽油,2022.07,5年或10万公里
福特,EVOS,https://p3-dcd.byteimg.com/img/motor-mis-img/62f1f5c9892cfbf4cf1c75e071638aa7~tplv-resize:640:0.png,173,"[16.98, 22.98]",长安福特,480,中型SUV,汽油,2021.11,3年或10万公里
启辰,启辰T60 EV,https://p9-dcd.byteimg.com/img/motor-mis-img/8580d3841feffe043c2ca57c2cf034c7~tplv-resize:640:0.png,173,"[16.98, 16.98]",东风日产,481,小型SUV,纯电动,2023.03,3年或12万公里
合创汽车,合创A06,https://p3-dcd.byteimg.com/img/tos-cn-i-dcdx/6ed97fb37fb446c2bfc1ed3f142f8015~tplv-resize:640:0.png,173,"[13.98, 26.98]",合创汽车,482,中型车,纯电动,2023.11,4年或15万公里
别克,别克E4,https://p9-dcd.byteimg.com/img/tos-cn-i-dcdx/175bc28c8fc7468285a60c50af81f2e3~tplv-resize:640:0.png,169,"[18.98, 25.98]",上汽通用别克,483,中大型SUV,纯电动,2023.06,3年或10万公里
北汽制造,勇士,https://p3-dcd.byteimg.com/img/motor-mis-img/dcf664514941d152d7c6466649b34f29~tplv-resize:640:0.png,165,"[10.68, 14.88]",北京汽车制造厂,484,紧凑型SUV,汽油,2021.05,3年或6万公里
斯柯达,柯迪亚克,https://p3-dcd.byteimg.com/img/motor-mis-img/bdbd1bffe440a691fb9e8c37ab20e8f6~tplv-resize:640:0.png,163,"[19.19, 24.39]",上汽大众斯柯达,485,中型SUV,汽油,2023.10,3年或10万公里
起亚,嘉华,https://p3-dcd.byteimg.com/img/motor-mis-img/c6ac1024c4633112f738ffc8fc41b52c~tplv-resize:640:0.png,156,"[24.5, 29.31]",起亚,486,中大型MPV,汽油,2021.09,5年或10万公里
星途,星途追风 PHEV,https://p3-dcd.byteimg.com/img/tos-cn-i-dcdx/7c188cd103654b8ca7cdecc8bc54c25f~tplv-resize:640:0.png,156,"[13.28, 14.28]",星途,487,紧凑型SUV,插电式混合动力,2023.04,3年或10万公里
上汽大通MAXUS,大通G90,https://p9-dcd.byteimg.com/img/motor-mis-img/a1ee687418329152e9c1b720e140a392~tplv-resize:640:0.png,155,"[18.99, 31.99]",上汽大通,488,中大型MPV,汽油,2023.11,3年或10万公里
领克,领克09,https://p9-dcd.byteimg.com/img/motor-mis-img/1a06bf130547fd74fa56c6a455d8dd7d~tplv-resize:640:0.png,145,"[23.79, 29.29]",领克,489,中大型SUV,48V轻混系统,2021.10,5年或10万公里
别克,昂扬,https://p9-dcd.byteimg.com/img/tos-cn-i-dcdx/83dfea1c6d9a4ca6a1d324a8c13ae3e6~tplv-resize:640:0.png,143,"[11.49, 15.89]",上汽通用别克,490,紧凑型SUV,汽油,2022.09,3年或10万公里
路虎,发现运动版PHEV,https://p3-dcd.byteimg.com/img/tos-cn-i-dcdx/be4baa8456f641808b9ef8933a9d8333~tplv-resize:640:0.png,127,"[28.21, 28.21]",奇瑞捷豹路虎,491,中型SUV,插电式混合动力,2023.07,3年或10万公里
沃尔沃,沃尔沃XC40 RECHARGE,https://p3-dcd.byteimg.com/img/motor-mis-img/31d2b6da640b935204b7bfc42e4206a2~tplv-resize:640:0.png,127,"[27.99, 32.2]",沃尔沃亚太,492,紧凑型SUV,纯电动,2023.10,3年不限公里
思铭,东风本田M-NV,https://p3-dcd.byteimg.com/img/motor-mis-img/b20ad2749ca184a995d7d9b88d20b147~tplv-resize:640:0.png,126,"[11.98, 12.18]",东风本田,493,小型SUV,纯电动,2023.06,3年或12万公里
东风风光,风光S560,https://p3-dcd.byteimg.com/img/motor-mis-img/ff3d4636305ad260c3cb9258efcca985~tplv-resize:640:0.png,119,"[6.79, 7.89]",东风小康,494,紧凑型SUV,汽油,2021.04,7年或15万公里
斯柯达,明锐,https://p3-dcd.byteimg.com/img/tos-cn-i-dcdx/e5d55d4c1ece47ceb29e28624cf1ca70~tplv-resize:640:0.png,117,"[14.39, 15.49]",上汽大众斯柯达,495,紧凑型车,汽油,2024.01,3年或10万公里
现代,菲斯塔,https://p3-dcd.byteimg.com/img/motor-mis-img/59c714d0afdd6fbe61a5108d3c29327f~tplv-resize:640:0.png,114,"[12.38, 13.98]",北京现代,496,紧凑型车,汽油,2022.11,3年或10万公里
启辰,启辰D60,https://p9-dcd.byteimg.com/img/tos-cn-i-dcdx/19edcae930eb41e6995bb85e5ae1dea3~tplv-resize:640:0.png,111,"[7.38, 8.48]",东风日产,497,紧凑型车,汽油,2023.02,3年或10万公里
哈弗,哈弗神兽,https://p3-dcd.byteimg.com/img/tos-cn-i-dcdx/2b24862d74c248ca999345985785ab0c~tplv-resize:640:0.png,110,"[11.5, 15.2]",长城汽车,498,紧凑型SUV,汽油,2023.03,3年或10万公里
启辰,启辰星,https://p9-dcd.byteimg.com/img/tos-cn-i-dcdx/b0b6cc8b5a444a168d223471447a26dc~tplv-resize:640:0.png,109,"[11.66, 13.96]",东风日产,499,紧凑型SUV,汽油,2022.11,3年或10万公里
奥迪,奥迪e-tron,https://p3-dcd.byteimg.com/img/motor-mis-img/e8587b667f120eb9f0f98d11371b8b74~tplv-resize:640:0.png,104,"[38.1, 42.18]",一汽-大众奥迪,500,中大型SUV,纯电动,2021.04,3年或10万公里
高合,高合HiPhi Z,https://p3-dcd.byteimg.com/img/motor-mis-img/192162a7af84b3b059801c4d261ddeb7~tplv-resize:640:0.png,100,"[51, 62.99]",华人运通,501,中大型车,纯电动,2023.10,5年或15万公里
英菲尼迪,英菲尼迪QX50,https://p3-dcd.byteimg.com/img/motor-mis-img/6538990a28bbef23dac96e53c83ddce2~tplv-resize:640:0.png,92,"[23.38, 37.98]",东风英菲尼迪,502,中型SUV,汽油,2023.11,4年或10万公里
路虎,揽胜极光PHEV,https://p3-dcd.byteimg.com/img/tos-cn-i-dcdx/8fdb570f7426485098f3b4d81a457c01~tplv-resize:640:0.png,91,"[27.83, 27.83]",奇瑞捷豹路虎,503,中型SUV,插电式混合动力,2023.03,3年或10万公里
东风风光,风光330,https://p3-dcd.byteimg.com/img/motor-mis-img/6f7c31bce10482b0e6b2db15654441e8~tplv-resize:640:0.png,84,"[4.19, 6.88]",东风小康,504,紧凑型MPV,汽油,2023.10,7年或20万公里
福特,撼路者,https://p3-dcd.byteimg.com/img/motor-mis-img/b4919cc5ceb667da3f85cb603bde169d~tplv-resize:640:0.png,83,"[26.08, 35.98]",江铃福特,505,中型SUV,汽油,2020.07,3年或10万公里
沃尔沃,沃尔沃C40 RECHARGE,https://p3-dcd.byteimg.com/img/motor-mis-img/a33abe2401429de388c10fa422965b66~tplv-resize:640:0.png,82,"[28.9, 34.2]",沃尔沃亚太,506,紧凑型SUV,纯电动,2023.10,3年不限公里
小虎,小虎FEV,https://p3-dcd.byteimg.com/img/motor-mis-img/9265da77f9e501614776f2afe7afa78f~tplv-resize:640:0.png,81,"[4.19, 5.59]",宏瑞汽车,507,微型车,纯电动,2022.03,3年或6万公里
红旗,红旗E-HS9,https://p3-dcd.byteimg.com/img/motor-mis-img/fb5c6d20cd6044b28f6eec55dcd6c61c~tplv-resize:640:0.png,79,"[50.98, 77.98]",一汽红旗,508,大型SUV,纯电动,2022.06,4年或10万公里
雪佛兰,创酷,https://p9-dcd.byteimg.com/img/motor-mis-img/7f32d8c6bf3899a4d61b5059c5717c70~tplv-resize:640:0.png,70,"[7.69, 9.59]",上汽通用雪佛兰,509,小型SUV,汽油,2023.07,3年或10万公里
江淮瑞风,瑞风E3,https://p9-dcd.byteimg.com/img/motor-mis-img/9b9b2bcb01b623c18ed53331a08ff11b~tplv-resize:640:0.png,67,"[17.48, 20.88]",江汽集团,510,紧凑型MPV,纯电动,2023.10,3年或10万公里
奔腾,奔腾B70S,https://p3-dcd.byteimg.com/img/motor-mis-img/6c5efbe832eebd5cac8292af76a42d83~tplv-resize:640:0.png,61,"[10.99, 14.29]",一汽奔腾,511,紧凑型SUV,汽油,2022.11,3年或10万公里
长安,长安CS85 COUPE,https://p9-dcd.byteimg.com/img/tos-cn-i-dcdx/e52af4fd90934dfc8cfc82375a9c3a4f~tplv-resize:640:0.png,60,"[11.49, 15.99]",长安汽车,512,中型SUV,汽油,2022.09,3年或10万公里
福特,领界,https://p3-dcd.byteimg.com/img/motor-mis-img/0fe20c206f939c5f163ea779cb222287~tplv-resize:640:0.png,59,"[7.98, 13.48]",江铃福特,513,紧凑型SUV,汽油,2022.03,3年或10万公里
凯翼,轩度,https://p3-dcd.byteimg.com/img/motor-mis-img/fad7c3cbf79e7f38ea95446b78b262c3~tplv-resize:640:0.png,56,"[7.98, 9.39]",凯翼汽车,514,紧凑型车,汽油,2023.06,3年或10万公里
奥迪,奥迪A6L PHEV,https://p9-dcd.byteimg.com/img/motor-mis-img/e84a67d39282a0550546632e9e6cefb5~tplv-resize:640:0.png,56,"[43.18, 43.18]",一汽-大众奥迪,515,中大型车,插电式混合动力,2022.08,3年或10万公里
比亚迪,比亚迪D1,https://p3-dcd.byteimg.com/img/motor-mis-img/16a73f90c37db0a802139dd3bcb55a8b~tplv-resize:640:0.png,55,"[16.08, 16.98]",比亚迪,516,紧凑型MPV,纯电动,2023.06,6年或15万公里
沃尔沃,沃尔沃S60 RECHARGE,https://p3-dcd.byteimg.com/img/motor-mis-img/0e1a0647fc7451ffefef866f0bf05386~tplv-resize:640:0.png,55,"[33.39, 38.29]",沃尔沃亚太,517,中型车,插电式混合动力,2023.07,3年不限公里
长安凯程,长安之星9 EV,https://p3-dcd.byteimg.com/img/motor-mis-img/628f41aac12211548f30b7868b5ce3ab~tplv-resize:640:0.png,52,"[12.98, 16.59]",长安轻型车,518,微面,纯电动,2023.04,3年或6万公里
上汽大通MAXUS,大通D60,https://p9-dcd.byteimg.com/img/motor-mis-img/8ad8e32b0d69a70470645d077a560c27~tplv-resize:640:0.png,51,"[11.88, 12.18]",上汽大通,519,中型SUV,汽油,2023.05,3年或6万公里
丰田,广汽丰田bZ4X,https://p3-dcd.byteimg.com/img/motor-mis-img/0534600885eae10c8086cc8cee5d19fb~tplv-resize:640:0.png,49,"[16.98, 25.78]",广汽丰田,520,中型SUV,纯电动,2022.10,3年或10万公里
起亚,焕驰,https://p3-dcd.byteimg.com/img/motor-mis-img/c655aa38e008e10259a76a207c62a295~tplv-resize:640:0.png,48,"[6.19, 6.59]",起亚,521,小型车,汽油,2020.08,3年或10万公里
马自达,马自达CX-30,https://p3-dcd.byteimg.com/img/motor-mis-img/f52705ca1c53816aaa856c1a1ae056df~tplv-resize:640:0.png,46,"[11.99, 18.99]",长安马自达,522,小型SUV,汽油,2022.08,3年或10万公里
比亚迪,宋MAX DM-i,https://p3-dcd.byteimg.com/img/motor-mis-img/7ec97e2a0cd2675c197335c8319f94b1~tplv-resize:640:0.png,41,"[13.78, 16.48]",比亚迪,523,紧凑型MPV,插电式混合动力,2022.03,6年或15万公里
捷途,捷途X70S EV,https://p3-dcd.byteimg.com/img/motor-mis-img/f4e6e2fbaa0cecf457663534e094c6f1~tplv-resize:640:0.png,40,"[16.98, 17.98]",奇瑞汽车,524,中型SUV,纯电动,2019.09,4年或10万公里
丰田,RAV4荣放双擎E+,https://p9-dcd.byteimg.com/img/motor-mis-img/4fcf011be1ed190903989d9a4c87225d~tplv-resize:640:0.png,37,"[24.18, 28.98]",一汽丰田,525,紧凑型SUV,插电式混合动力,2023.04,3年或10万公里
奔腾,奔腾T99,https://p3-dcd.byteimg.com/img/tos-cn-i-dcdx/c824422f6b304aa381f609de73f94fc3~tplv-resize:640:0.png,37,"[11.99, 17.19]",一汽奔腾,526,中大型SUV,汽油,2022.12,3年或10万公里
长安,长安CS95,https://p3-dcd.byteimg.com/img/tos-cn-i-dcdx/c8c2f3936912439c9a470b5aaa1ee7e1~tplv-resize:640:0.png,37,"[16.79, 19.19]",长安汽车,527,中大型SUV,汽油,2023.02,3年或10万公里
东风风行,风行雷霆,https://p3-dcd.byteimg.com/img/tos-cn-i-dcdx/208be4380d144330a1968e5c32356d41~tplv-resize:640:0.png,35,"[10.99, 21.99]",东风风行,528,紧凑型SUV,纯电动,2023.11,8年或16万公里
比亚迪,比亚迪e3,https://p3-dcd.byteimg.com/img/motor-mis-img/993f74dfdbd9feb7e14875c014b44163~tplv-resize:640:0.png,34,"[15.47, 15.47]",比亚迪,529,紧凑型车,纯电动,2021.08,3年或10万公里
大众,途安L,https://p3-dcd.byteimg.com/img/motor-mis-img/20f107b28a94a16705865e9b91e79819~tplv-resize:640:0.png,33,"[15.48, 18.38]",上汽大众,530,紧凑型MPV,汽油,2023.10,3年或10万公里
本田,e:NP1 极湃1,https://p3-dcd.byteimg.com/img/tos-cn-i-dcdx/8f1fca2269d94ce289be76e6a2da2dd8~tplv-resize:640:0.png,31,"[15.5, 19.8]",广汽本田,531,小型SUV,纯电动,2022.06,3年或12万公里
高合,高合HiPhi X,https://p3-dcd.byteimg.com/img/motor-mis-img/ffeed63a3d77e832e4010a065fbf156c~tplv-resize:640:0.png,25,"[56.99, 79.99]",华人运通,532,中大型SUV,纯电动,2022.03,5年或15万公里
北京,北京BJ80,https://p3-dcd.byteimg.com/img/motor-mis-img/4f52b32a408cd7fd40a897d72970964f~tplv-resize:640:0.png,23,"[29.8, 39.8]",北京汽车,533,中大型SUV,汽油,2023.12,3年或10万公里
丰田,广汽丰田铂智4X,https://p3-dcd.byteimg.com/img/tos-cn-i-dcdx/07e52f01f31940cbbc530d237e7fc671~tplv-resize:640:0.png,22,"[17.97, 23.87]",广汽丰田,534,中型SUV,纯电动,2023.11,3年或10万公里
DS,DS 9,https://p9-dcd.byteimg.com/img/motor-mis-img/fc67d704cb45ca837dc5130b5cc62498~tplv-resize:640:0.png,19,"[27.49, 34.99]",DS汽车,535,中型车,汽油,2023.10,3年或10万公里
红旗,红旗LS7,https://p9-dcd.byteimg.com/img/motor-mis-img/0b094b3ada0704b3ef49fa69acb10d59~tplv-resize:640:0.png,18,"[136.58, 146.58]",一汽红旗,536,大型SUV,汽油,2022.08,4年或10万公里
魏牌,拿铁DHT-PHEV,https://p3-dcd.byteimg.com/img/motor-mis-img/725b1dc66ecb6ae5c9b4e9d4d0d7aed6~tplv-resize:640:0.png,18,"[19.4, 22.8]",长城汽车,537,紧凑型SUV,插电式混合动力,2022.07,5年或15万公里
哈弗,哈弗酷狗,https://p9-dcd.byteimg.com/img/motor-mis-img/542c787061ef1dc3acaa30b2d30ce797~tplv-resize:640:0.png,17,"[10.58, 13.18]",长城汽车,538,紧凑型SUV,汽油,2022.08,3年或10万公里
长安,逸动DT,https://p3-dcd.byteimg.com/img/motor-mis-img/2eb5d0ad4499c08c659400c611fcde08~tplv-resize:640:0.png,14,"[5.79, 7.39]",长安汽车,539,紧凑型车,汽油,2021.07,3年或10万公里
奇瑞新能源,无界Pro,https://p3-dcd.byteimg.com/img/tos-cn-i-dcdx/43d183c57f8343339359a58dd2d7c8d8~tplv-resize:640:0.png,13,"[8.49, 11.09]",奇瑞新能源,540,微型车,纯电动,2022.11,3年或12万公里
本田,享域,https://p3-dcd.byteimg.com/img/motor-mis-img/f2ed945c45d908125c08d0c9ae3c718c~tplv-resize:640:0.png,13,"[8.98, 13.19]",东风本田,541,紧凑型车,汽油,2022.03,3年或10万公里
荣威,荣威RX3,https://p3-dcd.byteimg.com/img/motor-mis-img/7a72b35f6c07573796372a87430d08fa~tplv-resize:640:0.png,12,"[6.78, 8.88]",上汽集团,542,小型SUV,汽油,2021.03,3年或10万公里
DS,DS 7,https://p3-dcd.byteimg.com/img/motor-mis-img/ed26b29c1b4cc3f3c703070d4997ce5e~tplv-resize:640:0.png,12,"[24.99, 32.99]",DS汽车,543,紧凑型SUV,汽油,2022.11,3年或10万公里
新龙马汽车,新龙马汽车启腾M70,https://p9-dcd.byteimg.com/img/motor-mis-img/a1bbe4ab1ea3baa5b35e042c79ff6532~tplv-resize:640:0.png,11,"[4.68, 6.05]",新龙马汽车,544,微面,汽油,2021.04,3年或6万公里
丰田,一汽丰田bZ4X,https://p3-dcd.byteimg.com/img/motor-mis-img/189c3b232b99c56e0bfb8f4a5acc800b~tplv-resize:640:0.png,11,"[15.98, 24.48]",一汽丰田,545,中型SUV,纯电动,2022.10,3年或10万公里
马自达,马自达CX-30 EV,https://p9-dcd.byteimg.com/img/motor-mis-img/79d417ac74b4f57a2935af5f3cdf409e~tplv-resize:640:0.png,10,"[15.98, 20.18]",长安马自达,546,小型SUV,纯电动,2021.09,3年或10万公里
哪吒汽车,哪吒X,https://p9-dcd.byteimg.com/img/tos-cn-i-dcdx/dfb6468c733e43e99230cfbfb4652d30~tplv-resize:640:0.png,10,"[10.88, 12.88]",合众汽车,547,紧凑型SUV,纯电动,2023.10,4年或12万公里
日产,蓝鸟,https://p3-dcd.byteimg.com/img/motor-mis-img/6a890b642bc57f51fada5de6db6af34d~tplv-resize:640:0.png,10,"[12.59, 13.39]",东风日产,548,紧凑型车,汽油,2020.09,3年或10万公里
福特,福克斯,https://p3-dcd.byteimg.com/img/motor-mis-img/afc56a676f2fa14ec1dff1f943016eab~tplv-resize:640:0.png,9,"[10.48, 14.08]",长安福特,549,紧凑型车,汽油,2022.06,3年或10万公里
标致,标致2008,https://p9-dcd.byteimg.com/img/motor-mis-img/6b4e64ab6004f080dee3bd0eb61b322a~tplv-resize:640:0.png,8,"[9.47, 9.47]",东风标致,550,小型SUV,汽油,2021.10,3年或10万公里
丰田,威兰达高性能版,https://p3-dcd.byteimg.com/img/tos-cn-i-dcdx/fe0a534abd314543a5f1f803bab7597d~tplv-resize:640:0.png,8,"[22.88, 26.28]",广汽丰田,551,紧凑型SUV,插电式混合动力,2023.03,3年或10万公里
哪吒汽车,哪吒AYA,https://p9-dcd.byteimg.com/img/tos-cn-i-dcdx/181eb1cb372d46b292dc0c4da1a252a3~tplv-resize:640:0.png,8,"[6.88, 8.38]",合众汽车,552,小型SUV,纯电动,2023.08,3年或12万公里
现代,名图 纯电动,https://p9-dcd.byteimg.com/img/motor-mis-img/b67b3eec8cfd60f7bff89c8e01f844a6~tplv-resize:640:0.png,7,"[17.88, 20.38]",北京现代,553,中型车,纯电动,2021.03,5年或10万公里
启辰,启辰T60,https://p3-dcd.byteimg.com/img/motor-mis-img/9e393843ac2d25e558685dcb68894719~tplv-resize:640:0.png,7,"[7.88, 10.28]",东风日产,554,小型SUV,汽油,2021.10,3年或10万公里
英菲尼迪,英菲尼迪Q50L,https://p3-dcd.byteimg.com/img/tos-cn-i-dcdx/4a825a6a359e4fc48aeb586f0c87cd50~tplv-resize:640:0.png,6,"[20.48, 23.39]",东风英菲尼迪,555,中型车,汽油,2022.03,4年或10万公里
哈弗,哈弗H6新能源,https://p3-dcd.byteimg.com/img/motor-mis-img/f6c414b7d3d6068a4cf97e19b1f7b11f~tplv-resize:640:0.png,5,"[13.98, 15.38]",长城汽车,556,紧凑型SUV,插电式混合动力,2022.09,6年或15万公里包修
现代,名图,https://p3-dcd.byteimg.com/img/motor-mis-img/72d70bf376d6bb70c1e42dd8342f3413~tplv-resize:640:0.png,5,"[13.38, 16.88]",北京现代,557,中型车,汽油,2021.03,可选:[3年或15万公里] [5年或10万公里] [7年或7万公里]
名爵,MG ZS,https://p9-dcd.byteimg.com/img/motor-mis-img/65ffd10557f995aeb3d5743592e170aa~tplv-resize:640:0.png,4,"[7.58, 8.98]",上汽集团,558,小型SUV,汽油,2022.07,3年或10万公里
DS,DS 9 PHEV,https://p3-dcd.byteimg.com/img/motor-mis-img/6505fe35f2a3a3ffa5a1ffbb7bd5a617~tplv-resize:640:0.png,4,"[33.49, 40.49]",DS汽车,559,中型车,插电式混合动力,2022.03,8年或12万公里
日产,楼兰,https://p3-dcd.byteimg.com/img/tos-cn-i-dcdx/6b198431f20a40b0bab91e7df531f31c~tplv-resize:640:0.png,4,"[16.38, 20.88]",东风日产,560,中型SUV,汽油,2020.08,3年或10万公里
东风富康,富康ES600,https://p9-dcd.byteimg.com/img/motor-mis-img/9d0422fde61435579a20862d9847eecf~tplv-resize:640:0.png,4,"[15.38, 16.38]",神龙汽车,561,紧凑型车,纯电动,2022.11,3年或12万公里
SWM斯威汽车,斯威X3,https://p3-dcd.byteimg.com/img/motor-mis-img/e378ebdc44c1db74a9ce8171e550701c~tplv-resize:640:0.png,3,"[5.88, 5.88]",SWM斯威汽车,562,紧凑型SUV,汽油,2022.01,8年或16万公里
丰田,威驰FS,https://p3-dcd.byteimg.com/img/motor-mis-img/1c65e3ac4deae8b92f41852fe283989a~tplv-resize:640:0.png,3,"[7.38, 8.08]",一汽丰田,563,小型车,汽油,2022.07,3年或10万公里
日产,途达,https://p9-dcd.byteimg.com/img/motor-mis-img/4fb69a37d8e0b84f5ba9d634e58c00f5~tplv-resize:640:0.png,3,"[14.38, 22.23]",郑州日产,564,中型SUV,汽油,2019.11,3年或10万公里
名爵,MG领航PHEV,https://p9-dcd.byteimg.com/img/motor-mis-img/5f6ff0d40b5bf3af63b8ee08289e1cb4~tplv-resize:640:0.png,3,"[14.58, 16.58]",上汽集团,565,紧凑型SUV,插电式混合动力,2021.01,3年或10万公里
领克,领克05 EM-P,https://p3-dcd.byteimg.com/img/tos-cn-i-dcdx/35c1dde50d0640fa81dfde99bd168ca6~tplv-resize:640:0.png,2,"[21.38, 21.38]",领克,566,紧凑型SUV,插电式混合动力,2023.03,4年或10万公里
广汽集团,绎乐,https://p3-dcd.byteimg.com/img/motor-mis-img/7c81468c2481b939613261d525bd1e8b~tplv-resize:640:0.png,2,"[15.18, 17.38]",广汽本田,567,紧凑型车,纯电动,2021.03,4年或15万公里
思皓,花仙子,https://p9-dcd.byteimg.com/img/tos-cn-i-dcdx/7a7c73fd87fe459f9f75a1ebdcf7c74a~tplv-resize:640:0.png,2,"[5.99, 7.49]",江汽集团,568,微型车,纯电动,2022.11,3年或12万公里
智己汽车,智己L7,https://p3-dcd.byteimg.com/img/tos-cn-i-dcdx/2b9f5b7572c6425284d7c82243b15016~tplv-resize:640:0.png,2,"[29.88, 50.88]",智己汽车,569,中大型车,纯电动,2022.12,8年或24万公里
合创汽车,合创007,https://p3-dcd.byteimg.com/img/motor-mis-img/08a44355529f774514bb9aa8957929a2~tplv-resize:640:0.png,2,"[29.98, 29.98]",合创汽车,570,中型SUV,纯电动,2021.05,5年不限公里
海马,海马7X-E,https://p3-dcd.byteimg.com/img/motor-mis-img/83764d01c17f4ed726bfa1c8da24270c~tplv-resize:640:0.png,2,"[21.98, 25.98]",一汽海马,571,紧凑型MPV,纯电动,2022.09,5年或10万公里
大众,桑塔纳,https://p3-dcd.byteimg.com/img/motor-mis-img/1d30e0ba37d12cbaf4dd24f94569a219~tplv-resize:640:0.png,1,"[7.79, 10.28]",上汽大众,572,紧凑型车,汽油,2020.10,3年或10万公里
福特,锐际PHEV,https://p3-dcd.byteimg.com/img/motor-mis-img/9fbf154e6c81aad3e71aee0f2cbfa64a~tplv-resize:640:0.png,1,"[19, 19]",长安福特,573,紧凑型SUV,插电式混合动力,2021.06,3年或10万公里
丰田,威驰,https://p3-dcd.byteimg.com/img/motor-mis-img/5a47279a2f425d7c1505b60d0478d9a8~tplv-resize:640:0.png,1,"[6.18, 8.28]",一汽丰田,574,小型车,汽油,2021.11,3年或10万公里
理念,广汽本田VE-1,https://p9-dcd.byteimg.com/img/motor-mis-img/6b45b76df3eac473edc4da19a10ce8d7~tplv-resize:640:0.png,1,"[14.38, 17.68]",广汽本田,575,小型SUV,纯电动,2022.09,3年或10万公里
